trial,chromosome,n_val,spearman_rho,best_n_estimators,pruned
0,2,62104,0.08121351251585779,78,false
0,3,43116,0.0959439460476081,158,false
0,4,41448,0.09051165055225724,92,false
0,5,41200,0.08877798189315649,83,false
0,6,45488,0.09135543245527322,81,false
0,7,36816,0.10004566827925114,156,false
0,8,32904,0.08710494067848067,60,false
0,9,29048,0.09725610140125687,121,false
0,X,11156,0.0639484095244731,472,false
0,Y,1000,0.12259980983252458,86,false
0,10,31808,0.09089300207456485,62,false
0,11,36908,0.07673683541878658,26,false
0,12,39700,0.09357536032716059,42,false
0,13,22392,0.08699123658593513,125,false
0,14,25976,0.08160078937708727,77,false
0,15,27880,0.0870987321059222,52,false
0,16,27972,0.07504902108052362,60,false
0,17,35444,0.09960267974321203,100,false
0,18,18180,0.08305862421039056,53,false
0,19,33552,0.07371792268642306,75,false
0,20,21792,0.08832757316973831,57,false
0,21,11324,0.07161351385082675,39,false
0,22,16664,0.08298348815626798,77,false
1,2,62104,0.08472092735498994,21,false
1,3,43116,0.09523168396699992,30,false
1,4,41448,0.08948910459781059,21,false
1,5,41200,0.09025852671542439,37,false
1,6,45488,0.09107411505411923,25,false
1,7,36816,0.10081021541031097,38,false
1,8,32904,0.09141581377162777,49,false
1,9,29048,0.09496042555152617,31,false
1,X,11156,0.05901411278800345,169,false
1,Y,1000,0.114317474503736,21,false
1,10,31808,0.08675881129190272,21,false
1,11,36908,0.08162953279929118,17,false
1,12,39700,0.09506074032928119,21,false
1,13,22392,0.08666513778983297,21,false
1,14,25976,0.07993137750500597,21,false
1,15,27880,0.09164333112735465,15,false
1,16,27972,0.07816619133700788,31,false
1,17,35444,0.09993036128883137,28,false
1,18,18180,0.08734396816099722,17,false
1,19,33552,0.07224797808952667,33,false
1,20,21792,0.08846855568418378,19,false
1,21,11324,0.08104681703356656,9,false
1,22,16664,0.085353437607193,16,false
2,2,62104,0.07991265262489419,197,false
2,3,43116,0.0888808082839134,618,false
2,4,41448,0.08614462065521189,208,false
2,5,41200,0.08506194974084506,200,false
2,6,45488,0.08450373424908948,194,false
2,7,36816,0.09021136224047618,190,false
2,8,32904,0.08379621940651814,165,false
2,9,29048,0.09023606836457247,205,false
2,X,11156,0.06320928179375071,385,false
2,Y,1000,0.09218926167854308,294,false
2,10,31808,0.08486196887850793,171,false
2,11,36908,0.07455858598025493,75,false
2,12,39700,0.08944383384080416,198,false
2,13,22392,0.07875684661364495,168,false
2,14,25976,0.07438999343331965,169,false
2,15,27880,0.08212266281553136,113,false
2,16,27972,0.06972463304437254,194,false
2,17,35444,0.09235326074010532,205,false
2,18,18180,0.0752827160885251,87,false
2,19,33552,0.06830590784313868,158,false
2,20,21792,0.08595538777179071,103,false
2,21,11324,0.06650312068858528,116,false
2,22,16664,0.08243266042599484,206,false
3,2,62104,0.08158987801581889,260,false
3,3,43116,0.09174410537657424,467,false
3,4,41448,0.08717736657173748,257,false
3,5,41200,0.08686130854610825,234,false
3,6,45488,0.08704023424330345,245,false
3,7,36816,0.09126422073241833,820,false
3,8,32904,0.08464077738201327,228,false
3,9,29048,0.09288247042969981,234,false
3,X,11156,0.06406632012744044,689,false
3,Y,1000,0.1020722816437446,310,false
3,10,31808,0.08618361696402793,239,false
3,11,36908,0.07644482940371923,92,false
3,12,39700,0.09152963409923835,222,false
3,13,22392,0.08066828744562321,233,false
3,14,25976,0.07610921130293308,215,false
3,15,27880,0.0846868834171708,155,false
3,16,27972,0.07111904201669351,226,false
3,17,35444,0.09422483634764159,255,false
3,18,18180,0.07847645919967865,121,false
3,19,33552,0.06953743261103729,209,false
3,20,21792,0.08585764229976395,134,false
3,21,11324,0.06805450426444704,137,false
3,22,16664,0.08094827530270071,267,false
4,2,62104,0.07143854566211022,83,false
4,3,43116,0.08503285959858775,181,false
4,4,41448,0.07804574475117212,114,false
4,5,41200,0.08015050658628853,159,false
4,6,45488,0.08134634689687649,130,false
4,7,36816,0.0828771821761715,99,false
4,8,32904,0.08526574704583714,74,false
4,9,29048,0.08392321383433862,56,false
4,X,11156,0.05553583640546523,96,false
4,Y,1000,0.09503403525138314,45,false
4,10,31808,0.07623163819783171,245,false
4,11,36908,0.06705499173385412,26,false
4,12,39700,0.08551093167524483,45,false
4,13,22392,0.07068069476585692,45,false
4,14,25976,0.06759563757743686,45,false
4,15,27880,0.07512161493413878,34,false
4,16,27972,0.07443148846579135,232,false
4,17,35444,0.08391474506999799,86,false
4,18,18180,0.06965276139035684,28,false
4,19,33552,0.06942291700286612,49,false
4,20,21792,0.0812776445145482,28,false
4,21,11324,0.06248220764157536,31,false
4,22,16664,0.06885657200072139,100,false
5,2,62104,0.07596949032016809,19,false
5,3,43116,0.08883996129044239,54,false
5,4,41448,0.08668868301223974,14,false
5,5,41200,0.07983975609724848,19,false
5,6,45488,0.08498144293699422,16,false
5,7,36816,0.09410019378605812,132,false
5,8,32904,0.08314883765403983,19,false
5,9,29048,0.08974091071946064,17,false
5,X,11156,0.05485999928098404,240,false
5,Y,1000,0.11266978346357194,85,false
5,10,31808,0.08512651574709262,17,false
5,11,36908,0.07512579300909701,5,false
5,12,39700,0.09052499290368574,15,false
5,13,22392,0.08167646129303564,17,false
5,14,25976,0.07511546337477351,16,false
5,15,27880,0.08237562831031651,12,false
5,16,27972,0.0745226656668298,52,false
5,17,35444,0.09161436592882365,11,false
5,18,18180,0.08131478947672735,8,false
5,19,33552,0.06877961048250061,27,false
5,20,21792,0.09330234462129984,10,false
5,21,11324,0.06849144813000446,12,false
5,22,16664,0.08459157665070459,17,false
6,2,62104,0.08366555138899096,327,false
6,3,43116,0.09678743002006332,519,false
6,4,41448,0.0918029229012135,396,false
6,5,41200,0.08866046089723534,350,false
6,6,45488,0.09225312864393603,301,false
6,7,36816,0.09880610019487478,797,false
6,8,32904,0.08881087230132804,236,false
6,9,29048,0.09775053430064122,379,false
6,X,11156,0.06541822921976918,1173,false
6,Y,1000,0.12141706699147968,268,false
6,10,31808,0.08997626254625243,517,false
6,11,36908,0.0775180288894872,117,false
6,12,39700,0.09592467966186956,148,false
6,13,22392,0.08633128622023273,427,false
6,14,25976,0.08022558710009794,252,false
6,15,27880,0.08650911466637827,180,false
6,16,27972,0.07715805265361853,283,false
6,17,35444,0.09888605267630507,355,false
6,18,18180,0.08237785119481872,178,false
6,19,33552,0.07358410915668948,277,false
6,20,21792,0.08997030794192146,216,false
6,21,11324,0.07467264767165638,186,false
6,22,16664,0.08565172033966284,272,false
7,2,62104,0.08247950476622846,179,false
7,3,43116,0.09604301986747527,325,false
7,4,41448,0.09251019007440672,220,false
7,5,41200,0.08681393680897065,174,false
7,6,45488,0.09135082160972521,134,false
7,7,36816,0.09904708544864385,199,false
7,8,32904,0.08567102200998973,92,false
7,9,29048,0.09662654728809428,168,false
7,X,11156,0.06130466690229056,950,false
7,Y,1000,0.12150875164157034,176,false
7,10,31808,0.08995678374281707,196,false
7,11,36908,0.07781148287813613,61,false
7,12,39700,0.09592761985591243,103,false
7,13,22392,0.0872861798295498,212,false
7,14,25976,0.07953321078974109,167,false
7,15,27880,0.08669769795003934,108,false
7,16,27972,0.07629461778776819,151,false
7,17,35444,0.09883804838588806,196,false
7,18,18180,0.08336242551753974,95,false
7,19,33552,0.07283426016937507,116,false
7,20,21792,0.08844842718583408,118,false
7,21,11324,0.0718484890945877,101,false
7,22,16664,0.08434264929098724,173,false
8,2,62104,0.0803017144215316,333,false
8,3,43116,0.08794482089060639,693,false
8,4,41448,0.08082092881116236,449,false
8,5,41200,0.08522110719805402,323,false
8,6,45488,0.08529011114707467,371,false
8,7,36816,0.09066043422999726,327,false
8,8,32904,0.0847407103704655,279,false
8,9,29048,0.09077959365882134,324,false
8,X,11156,0.05873110127268235,3525,false
8,Y,1000,0.10452284786032216,351,false
8,10,31808,0.08514014608316067,315,false
8,11,36908,0.07779305119197506,113,false
8,12,39700,0.08941060382624298,277,false
8,13,22392,0.08201268439378911,271,false
8,14,25976,0.07758857327051609,278,false
8,15,27880,0.08634991325744462,170,false
8,16,27972,0.07420705112234714,400,false
8,17,35444,0.09563225845294938,279,false
8,18,18180,0.08076455935690055,157,false
8,19,33552,0.07068190222256802,275,false
8,20,21792,0.08763182731844296,170,false
8,21,11324,0.07079543662163595,170,false
8,22,16664,0.08105169888927853,345,false
9,2,62104,0.07974547083001061,151,false
9,3,43116,0.08853834017268494,355,false
9,4,41448,0.08641801123359369,209,false
9,5,41200,0.08573382369243829,154,false
9,6,45488,0.0858607654875803,152,false
9,7,36816,0.09167668145410066,162,false
9,8,32904,0.08295944926842577,92,false
9,9,29048,0.0921213863145242,141,false
9,X,11156,0.05915410002542543,947,false
9,Y,1000,0.09847034332594563,287,false
9,10,31808,0.0859967441271338,146,false
9,11,36908,0.07510179873515241,76,false
9,12,39700,0.08988679335174575,142,false
9,13,22392,0.07940631485541876,149,false
9,14,25976,0.07496160621756975,141,false
9,15,27880,0.08349586854162155,81,false
9,16,27972,0.07075458380100179,142,false
9,17,35444,0.09302217817671637,152,false
9,18,18180,0.08012537340831427,70,false
9,19,33552,0.06886679703059871,110,false
9,20,21792,0.08557542023432911,73,false
9,21,11324,0.06627149154492887,81,false
9,22,16664,0.08038383970846166,149,false
10,2,62104,0.0888490528360217,16,false
10,3,43116,0.0949751494545619,25,false
10,4,41448,0.09411942777369213,17,false
10,5,41200,0.09211317994973357,21,false
10,6,45488,0.0941552939881844,17,false
10,7,36816,0.09911539777578227,26,false
10,8,32904,0.09189956019627038,15,false
10,9,29048,0.09661767407093001,22,false
10,X,11156,0.05887263194374115,87,false
10,Y,1000,0.12296118608640189,21,false
10,10,31808,0.09021387942360579,20,false
10,11,36908,0.0856832626805968,3,false
10,12,39700,0.09817218159815921,16,false
10,13,22392,0.08480121435192636,38,false
10,14,25976,0.08141595690107806,16,false
10,15,27880,0.0904807770838518,17,false
10,16,27972,0.08033052305733053,17,false
10,17,35444,0.09949836258100604,16,false
10,18,18180,0.09230250540692013,9,false
10,19,33552,0.07281294452132125,26,false
10,20,21792,0.08681039186584678,36,false
10,21,11324,0.08477172037427554,4,false
10,22,16664,0.08499873768596078,16,false
11,2,62104,0.08613480132570028,17,false
11,3,43116,0.09491173500758282,22,false
11,4,41448,0.09323120687220114,21,false
11,5,41200,0.10387139581848628,9,false
11,6,45488,0.09511187685265425,17,false
11,7,36816,0.0991885033360459,69,false
11,8,32904,0.08985785654745876,15,false
11,9,29048,0.09575847191016668,22,false
11,X,11156,0.07025755220722563,151,false
11,Y,1000,0.12943309303607117,27,false
11,10,31808,0.09118919643076304,20,false
11,11,36908,0.08619738835981709,3,false
11,12,39700,0.09802150469903126,16,false
11,13,22392,0.08660440978403838,21,false
11,14,25976,0.08156233092238771,16,false
11,15,27880,0.08710425473003693,23,false
11,16,27972,0.07946399151735097,13,false
11,17,35444,0.09835932734130821,20,false
11,18,18180,0.09317508871199547,9,false
11,19,33552,0.0708823947729652,26,false
11,20,21792,0.086634890521651,42,false
11,21,11324,0.08315029900006815,4,false
11,22,16664,0.08553045350677041,17,false
12,2,62104,0.0897209060878234,14,false
12,3,43116,0.09743930994153331,17,false
12,4,41448,0.09318066453868942,22,false
12,5,41200,0.09193439901131006,27,false
12,6,45488,0.09044231678103705,17,false
12,7,36816,0.10010968422208776,14,false
12,8,32904,0.09070240895290865,14,false
12,9,29048,0.09894371860998777,16,false
12,X,11156,0.057482856582358355,83,false
12,Y,1000,0.12250966766915465,16,false
12,10,31808,0.09451907156468933,17,false
12,11,36908,0.08623720139069176,3,false
12,12,39700,0.098771948086384,17,false
12,13,22392,0.08845081033110816,18,false
12,14,25976,0.0821424019907972,17,false
12,15,27880,0.09035091643635859,17,false
12,16,27972,0.0805237164083471,20,false
12,17,35444,0.09890822910895704,17,false
12,18,18180,0.09332013860096779,9,false
12,19,33552,0.07240266053334866,28,false
12,20,21792,0.08597852168950702,77,false
12,21,11324,0.07805018620315829,14,false
12,22,16664,0.08376202482783948,22,false
13,2,62104,0.09073865250734728,15,false
13,3,43116,0.09892960699675565,14,false
13,4,41448,0.09732340604384321,15,false
13,5,41200,0.09619282111719041,15,false
13,6,45488,0.09914596408553344,14,false
13,7,36816,0.1010624752040873,21,false
13,8,32904,0.08620281016222935,6,false
13,9,29048,0.10102666140199704,20,false
13,X,11156,0.04849010361722652,230,false
13,Y,1000,0.12388367461534293,9,false
13,10,31808,0.0900902213497925,17,false
13,11,36908,0.08008588577727745,5,false
13,12,39700,0.09896791119796872,9,false
13,13,22392,0.0885203829757278,18,false
13,14,25976,0.08315835643666929,14,false
13,15,27880,0.08843416901226728,6,false
13,16,27972,0.08061420334185222,13,false
13,17,35444,0.10017110841897363,11,false
13,18,18180,0.0843663137524301,5,false
13,19,33552,0.07298968700434559,13,false
13,20,21792,0.08810330329856568,17,false
13,21,11324,0.07871635246978456,9,false
13,22,16664,0.08522784883036262,9,false
14,2,62104,0.08470680259258932,29,true
14,3,43116,0.0931949706084813,72,true
14,4,41448,0.09095646304864384,28,true
14,5,41200,0.08531300958380171,28,true
14,6,45488,0.09374601805522793,24,true
14,7,36816,0.09383476253157551,122,true
15,2,62104,0.08664299911342854,46,false
15,3,43116,0.09496808785079759,78,false
15,4,41448,0.09278581134911759,44,false
15,5,41200,0.08996990802608756,43,false
15,6,45488,0.0938148855687888,49,false
15,7,36816,0.10173213218543352,168,false
15,8,32904,0.0882715417205293,40,false
15,9,29048,0.09869644519934845,51,false
15,X,11156,0.05946113176112785,324,false
15,Y,1000,0.12660076720848817,50,false
15,10,31808,0.08809789049574734,71,false
15,11,36908,0.08290816855080017,21,false
15,12,39700,0.0994577263140484,34,false
15,13,22392,0.08753272281506795,34,false
15,14,25976,0.0814787586525012,36,false
15,15,27880,0.09103506874519174,40,false
15,16,27972,0.0778356755033808,60,false
15,17,35444,0.101606241088546,79,false
15,18,18180,0.08687455940834735,21,false
15,19,33552,0.07465042239958787,36,false
15,20,21792,0.08855035043821045,36,false
15,21,11324,0.07900188062087311,21,false
15,22,16664,0.08582248381618558,45,false
16,2,62104,0.09063586945408894,19,false
16,3,43116,0.0944978686621111,37,false
16,4,41448,0.09602285281512699,22,false
16,5,41200,0.09403438479109902,17,false
16,6,45488,0.09462688720958046,16,false
16,7,36816,0.09404523378242159,61,false
16,8,32904,0.08964244479464674,17,false
16,9,29048,0.09810980707977195,19,false
16,X,11156,0.058083021727554446,258,false
16,Y,1000,0.13721008463495132,53,false
16,10,31808,0.08904249642363407,30,false
16,11,36908,0.08047372777132447,5,false
16,12,39700,0.09755799191436325,9,false
16,13,22392,0.08556527654574327,36,false
16,14,25976,0.08389942065016638,17,false
16,15,27880,0.09192652185326039,9,false
16,16,27972,0.0779543053997251,20,false
16,17,35444,0.0998281265132988,17,false
16,18,18180,0.08690322560906945,14,false
16,19,33552,0.07363729847938508,9,false
16,20,21792,0.08694726206183795,14,false
16,21,11324,0.07782102585847434,14,false
16,22,16664,0.08450601821841039,22,false
17,2,62104,0.08781446015284632,46,false
17,3,43116,0.09716267528975492,78,false
17,4,41448,0.09087227557985518,63,false
17,5,41200,0.09134724262638924,47,false
17,6,45488,0.09473101058142883,50,false
17,7,36816,0.10065372852031701,107,false
17,8,32904,0.08951877152873458,50,false
17,9,29048,0.09763294357036092,46,false
17,X,11156,0.059590093876439876,158,false
17,Y,1000,0.1307000653840562,58,false
17,10,31808,0.09125018999236606,51,false
17,11,36908,0.08331843973024824,17,false
17,12,39700,0.09658965847062345,34,false
17,13,22392,0.08692940365934579,76,false
17,14,25976,0.0808872729223142,44,false
17,15,27880,0.08772576315440209,30,false
17,16,27972,0.07823224397714534,66,false
17,17,35444,0.1005228672515075,45,false
17,18,18180,0.08741731528891535,21,false
17,19,33552,0.07280781269061985,42,false
17,20,21792,0.08912121398067652,45,false
17,21,11324,0.07610221543639767,23,false
17,22,16664,0.08493367347841115,46,false
18,2,62104,0.08458016076033698,31,true
18,3,43116,0.09447803966285102,33,true
18,4,41448,0.09536993368086048,31,true
18,5,41200,0.09013743712035503,63,true
18,6,45488,0.09103588565682146,31,true
18,7,36816,0.09614123717326141,75,true
18,8,32904,0.08634095645644588,30,true
18,9,29048,0.09875649962349241,34,true
19,2,62104,0.08595956988900608,16,false
19,3,43116,0.09725786219143415,21,false
19,4,41448,0.09421752927575565,22,false
19,5,41200,0.09161832869458328,17,false
19,6,45488,0.09316070513953914,19,false
19,7,36816,0.10504402081030617,16,false
19,8,32904,0.09017053431716736,25,false
19,9,29048,0.09855670109531732,14,false
19,X,11156,0.06812395915089879,47,false
19,Y,1000,0.1263796470537707,25,false
19,10,31808,0.0915161292021261,31,false
19,11,36908,0.06381807377923877,2,false
19,12,39700,0.09835318043889431,16,false
19,13,22392,0.08522572638317732,21,false
19,14,25976,0.07881743861593679,9,false
19,15,27880,0.08750829928989064,19,false
19,16,27972,0.08009504635180575,17,false
19,17,35444,0.09967645087794802,18,false
19,18,18180,0.08647812542199926,9,false
19,19,33552,0.074775719989787,10,false
19,20,21792,0.08722288852504932,56,false
19,21,11324,0.08093594163854095,16,false
19,22,16664,0.08706167345569721,16,false
20,2,62104,0.08339977595646667,10,true
20,3,43116,0.09605309264654385,16,true
20,4,41448,0.0921176861726877,13,true
20,5,41200,0.08768282887725874,8,true
20,6,45488,0.09164578714457297,10,true
20,7,36816,0.09903744442916428,13,true
21,2,62104,0.08637183984351567,17,false
21,3,43116,0.0949713215404024,22,false
21,4,41448,0.09415087411107784,22,false
21,5,41200,0.09619386520775992,17,false
21,6,45488,0.09177822415751127,17,false
21,7,36816,0.10068656310254262,74,false
21,8,32904,0.09117179583752036,15,false
21,9,29048,0.09794027125136544,16,false
21,X,11156,0.05921985654186568,143,false
21,Y,1000,0.12949905662326722,20,false
21,10,31808,0.093656555982584,18,false
21,11,36908,0.08665430238163978,3,false
21,12,39700,0.09828599228805562,16,false
21,13,22392,0.088392506626096,16,false
21,14,25976,0.0817534786464932,17,false
21,15,27880,0.09043678832666938,17,false
21,16,27972,0.07881406231029474,13,false
21,17,35444,0.09916521723128632,34,false
21,18,18180,0.09420347786509631,9,false
21,19,33552,0.07236814861254,21,false
21,20,21792,0.08689283943800981,26,false
21,21,11324,0.07847441859658669,13,false
21,22,16664,0.08522700401107347,17,false
22,2,62104,0.08529456978880368,20,false
22,3,43116,0.09605784161175511,21,false
22,4,41448,0.09611184864405423,16,false
22,5,41200,0.09285749469427622,67,false
22,6,45488,0.09336163537954749,19,false
22,7,36816,0.10155485607202668,28,false
22,8,32904,0.08869992615048222,14,false
22,9,29048,0.09918618322620011,14,false
22,X,11156,0.061474898353711324,125,false
22,Y,1000,0.13011476521083373,28,false
22,10,31808,0.09024958161476147,30,false
22,11,36908,0.06967767309245886,3,false
22,12,39700,0.09887990325939011,16,false
22,13,22392,0.08655463319357092,38,false
22,14,25976,0.0810465092379961,16,false
22,15,27880,0.09006298606985556,15,false
22,16,27972,0.08233515832836204,34,false
22,17,35444,0.10056778870303466,19,false
22,18,18180,0.08877418589871672,15,false
22,19,33552,0.07481645650817038,16,false
22,20,21792,0.08666104008868931,52,false
22,21,11324,0.07881847226828206,9,false
22,22,16664,0.08395712037421822,16,false
23,2,62104,0.08646140807978624,22,false
23,3,43116,0.09601274905741843,26,false
23,4,41448,0.09523260758823156,26,false
23,5,41200,0.09465218478547036,17,false
23,6,45488,0.09422114311169748,16,false
23,7,36816,0.09706680446009831,57,false
23,8,32904,0.08905049392716219,15,false
23,9,29048,0.09874254087288128,29,false
23,X,11156,0.05946847176483706,155,false
23,Y,1000,0.127034357405761,24,false
23,10,31808,0.08889743120189089,46,false
23,11,36908,0.07921488928252374,5,false
23,12,39700,0.09764557754546115,16,false
23,13,22392,0.08737704789935853,26,false
23,14,25976,0.0805010028770119,21,false
23,15,27880,0.09097862943700108,17,false
23,16,27972,0.07768562020455506,17,false
23,17,35444,0.09876339864919154,46,false
23,18,18180,0.08577406531815947,17,false
23,19,33552,0.07296968888350243,26,false
23,20,21792,0.08689933856797931,14,false
23,21,11324,0.07899394252794006,17,false
23,22,16664,0.08494677760737392,22,false
24,2,62104,0.0842662784565777,17,true
24,3,43116,0.09555639916249412,20,true
24,4,41448,0.09184194810788202,21,true
24,5,41200,0.09018218063084033,17,true
24,6,45488,0.0924873111535219,20,true
24,7,36816,0.09769087780999337,28,true
25,2,62104,0.08156645658013897,29,true
25,3,43116,0.09353201601799271,43,true
25,4,41448,0.08887799433674447,29,true
25,5,41200,0.08614166715366121,29,true
25,6,45488,0.09203918913724472,29,true
25,7,36816,0.0941496293631674,130,true
26,2,62104,0.0906013703343873,19,false
26,3,43116,0.10018833109849046,21,false
26,4,41448,0.09831978077957991,19,false
26,5,41200,0.09145783278990992,11,false
26,6,45488,0.09886768513907226,18,false
26,7,36816,0.10447776675405503,28,false
26,8,32904,0.09443880192796991,23,false
26,9,29048,0.09917891186974126,10,false
26,X,11156,0.058651712240019416,85,false
26,Y,1000,0.14282462113152591,27,false
26,10,31808,0.0943203246957522,24,false
26,11,36908,0.08182118355844645,5,false
26,12,39700,0.09689652632429681,5,false
26,13,22392,0.08882322442238542,19,false
26,14,25976,0.08592729790601296,16,false
26,15,27880,0.09309270187695608,9,false
26,16,27972,0.0808795906297075,17,false
26,17,35444,0.10149229058102792,16,false
26,18,18180,0.09142955560960002,9,false
26,19,33552,0.07280167510491797,28,false
26,20,21792,0.08910919721981687,32,false
26,21,11324,0.08152196813764105,14,false
26,22,16664,0.08293471824391738,17,false
27,2,62104,0.08584233172538736,21,false
27,3,43116,0.09833095260043051,40,false
27,4,41448,0.0948471480724729,28,false
27,5,41200,0.09098807752448541,67,false
27,6,45488,0.09301997356052703,25,false
27,7,36816,0.10185310464721209,38,false
27,8,32904,0.0899638073493892,26,false
27,9,29048,0.0994910801898744,30,false
27,X,11156,0.05724294113251285,267,false
27,Y,1000,0.1421630497543039,19,false
27,10,31808,0.08938321972477657,38,false
27,11,36908,0.08121734429431099,5,false
27,12,39700,0.09941529672476844,16,false
27,13,22392,0.08933737064277336,21,false
27,14,25976,0.08334937489507108,16,false
27,15,27880,0.09189377444687072,9,false
27,16,27972,0.08144104963854604,17,false
27,17,35444,0.10172621747866271,29,false
27,18,18180,0.08981461546483306,17,false
27,19,33552,0.07442922182493332,27,false
27,20,21792,0.08985494599339293,53,false
27,21,11324,0.0796397693336277,17,false
27,22,16664,0.0884453829123228,16,false
28,2,62104,0.08366009810104716,47,true
28,3,43116,0.09558896456344954,80,true
28,4,41448,0.0917701277988172,55,true
28,5,41200,0.08833381577369473,51,true
28,6,45488,0.09333023139251354,52,true
28,7,36816,0.09835619507530964,101,true
29,2,62104,0.08619358701325308,76,true
29,3,43116,0.0967472072551398,112,true
29,4,41448,0.09141117350019029,79,true
29,5,41200,0.0908701400547389,89,true
29,6,45488,0.09433898467054223,78,true
29,7,36816,0.10135103397175979,201,true
30,2,62104,0.08170142743244237,17,true
30,3,43116,0.09345615455200877,30,true
30,4,41448,0.0883129517523764,15,true
30,5,41200,0.08736604321119733,17,true
30,6,45488,0.08906580289386136,15,true
30,7,36816,0.09614046233872421,36,true
31,2,62104,0.09301766936783248,19,false
31,3,43116,0.10308658345541735,16,false
31,4,41448,0.09863237118253819,21,false
31,5,41200,0.09404878279692963,17,false
31,6,45488,0.10119650993412908,16,false
31,7,36816,0.10507024047877783,17,false
31,8,32904,0.08793028105950887,9,false
31,9,29048,0.1016692462932497,9,false
31,X,11156,0.06401349841991487,88,false
31,Y,1000,0.13613109027034462,14,false
31,10,31808,0.09576937956837502,14,false
31,11,36908,0.08346553116964685,5,false
31,12,39700,0.10226550996482005,63,false
31,13,22392,0.09178587783252344,16,false
31,14,25976,0.08633668147720455,17,false
31,15,27880,0.08997190783298262,5,false
31,16,27972,0.083388735674606,20,false
31,17,35444,0.10212047195958296,9,false
31,18,18180,0.09199414704902026,9,false
31,19,33552,0.07639571712053324,9,false
31,20,21792,0.08896763141681117,17,false
31,21,11324,0.07494887915454294,6,false
31,22,16664,0.08482954352905739,9,false
32,2,62104,0.08597577357108722,21,true
32,3,43116,0.09719223204049834,27,true
32,4,41448,0.09144030304114605,75,true
32,5,41200,0.09003692082850731,29,true
32,6,45488,0.09502172502418621,28,true
32,7,36816,0.10012605082028041,73,true
33,2,62104,0.08736197160507643,21,false
33,3,43116,0.09628144296515459,21,false
33,4,41448,0.09203606567511333,21,false
33,5,41200,0.09495284570611777,21,false
33,6,45488,0.09600214119817428,16,false
33,7,36816,0.10220867345332939,36,false
33,8,32904,0.09077600541767986,18,false
33,9,29048,0.09876493039596894,22,false
33,X,11156,0.05962206680470444,116,false
33,Y,1000,0.12138170911782602,21,false
33,10,31808,0.08948661650178616,21,false
33,11,36908,0.08488729983331159,16,false
33,12,39700,0.09809012986582168,14,false
33,13,22392,0.08755738013395457,71,false
33,14,25976,0.08366334524884826,16,false
33,15,27880,0.09273372388750369,17,false
33,16,27972,0.08131229228845031,17,false
33,17,35444,0.10192632917268454,16,false
33,18,18180,0.08697035219174205,19,false
33,19,33552,0.0767622304479231,26,false
33,20,21792,0.0898916723459406,33,false
33,21,11324,0.07566111769098864,4,false
33,22,16664,0.08701128624491172,17,false
34,2,62104,0.09289759252931024,19,false
34,3,43116,0.10010071915927252,21,false
34,4,41448,0.09907272560493,22,false
34,5,41200,0.09672837259701658,19,false
34,6,45488,0.10040888413437106,17,false
34,7,36816,0.10132124810470243,39,false
34,8,32904,0.09069472505168942,13,false
34,9,29048,0.09964756937834213,29,false
34,X,11156,0.05943560194746982,82,false
34,Y,1000,0.14300626754724188,21,false
34,10,31808,0.0935441243739394,17,false
34,11,36908,0.08244641874071701,5,false
34,12,39700,0.09932935853569232,14,false
34,13,22392,0.08845975354491549,18,false
34,14,25976,0.08494351899325564,20,false
34,15,27880,0.09471833836095528,9,false
34,16,27972,0.08383277446286347,17,false
34,17,35444,0.10091589822923694,16,false
34,18,18180,0.09076093915036847,9,false
34,19,33552,0.07481652148393707,12,false
34,20,21792,0.09084740820706044,9,false
34,21,11324,0.07827497776903151,9,false
34,22,16664,0.0859579185044605,14,false
35,2,62104,0.08336926719764398,34,true
35,3,43116,0.09611146103722516,46,true
35,4,41448,0.09270359023180347,34,true
35,5,41200,0.08813315557055691,30,true
35,6,45488,0.09200470084328138,31,true
35,7,36816,0.09878462615951458,112,true
36,2,62104,0.0848258416757089,20,true
36,3,43116,0.09528783171367934,18,true
36,4,41448,0.08822695081684746,19,true
36,5,41200,0.08859375416292017,17,true
36,6,45488,0.0937036214480664,25,true
36,7,36816,0.0962707244268191,27,true
37,2,62104,0.09008538454239537,29,false
37,3,43116,0.10073911801912523,19,false
37,4,41448,0.10035833705669601,16,false
37,5,41200,0.09735841683665132,26,false
37,6,45488,0.10015460012609204,16,false
37,7,36816,0.1026034539808586,17,false
37,8,32904,0.09067414687287058,19,false
37,9,29048,0.09921685465773887,11,false
37,X,11156,0.06008283889455266,103,false
37,Y,1000,0.13998008640768453,17,false
37,10,31808,0.09444172539769582,17,false
37,11,36908,0.08139619693475701,5,false
37,12,39700,0.10005000968375459,17,false
37,13,22392,0.08815885197842979,19,false
37,14,25976,0.08520170312522987,17,false
37,15,27880,0.08786057778303481,7,false
37,16,27972,0.08038005149757674,25,false
37,17,35444,0.1006223043398675,17,false
37,18,18180,0.0904270142220738,9,false
37,19,33552,0.07545714833900266,9,false
37,20,21792,0.09195899257456659,29,false
37,21,11324,0.07279424080855154,6,false
37,22,16664,0.08648161337011594,17,false
38,2,62104,0.09358692943743577,19,false
38,3,43116,0.10165139571415814,17,false
38,4,41448,0.0984819457660643,20,false
38,5,41200,0.09594631643616847,14,false
38,6,45488,0.09848191154068305,22,false
38,7,36816,0.10289292962387137,37,false
38,8,32904,0.0853630211664933,6,false
38,9,29048,0.10319209819723768,9,false
38,X,11156,0.056621057610990004,106,false
38,Y,1000,0.1486872337205655,19,false
38,10,31808,0.09278383105847261,24,false
38,11,36908,0.08385411605409195,5,false
38,12,39700,0.10444797572952773,13,false
38,13,22392,0.09211840785463549,9,false
38,14,25976,0.08488800378388124,20,false
38,15,27880,0.09291347870044347,5,false
38,16,27972,0.08434240014867145,17,false
38,17,35444,0.10231693258539286,17,false
38,18,18180,0.0908872434066012,9,false
38,19,33552,0.07565077505536529,10,false
38,20,21792,0.0896123625069637,15,false
38,21,11324,0.07762044243650544,6,false
38,22,16664,0.08843203183002603,17,false
39,2,62104,0.09446249941693002,9,false
39,3,43116,0.0987299180419276,22,false
39,4,41448,0.09968713392804045,16,false
39,5,41200,0.09688925546304765,18,false
39,6,45488,0.09967461309274227,16,false
39,7,36816,0.10372980284327961,17,false
39,8,32904,0.08927973288116595,7,false
39,9,29048,0.10272483838216867,16,false
39,X,11156,0.06606651203063652,92,false
39,Y,1000,0.14244304361538435,16,false
39,10,31808,0.09411061302806512,23,false
39,11,36908,0.08386547261942617,5,false
39,12,39700,0.10397005058962505,13,false
39,13,22392,0.08829871921142725,9,false
39,14,25976,0.08441467536878536,14,false
39,15,27880,0.09326528764214899,5,false
39,16,27972,0.08218337217979588,17,false
39,17,35444,0.10333892811939217,14,false
39,18,18180,0.0931052515448324,29,false
39,19,33552,0.0750153679864382,10,false
39,20,21792,0.08916285261411747,15,false
39,21,11324,0.08005958241605333,6,false
39,22,16664,0.08852116834269594,11,false
40,2,62104,0.08499953978524348,17,true
40,3,43116,0.09676119197693507,19,true
40,4,41448,0.09030380379138923,20,true
40,5,41200,0.08542801509941059,12,true
40,6,45488,0.09108375111173503,19,true
40,7,36816,0.09877181339651554,31,true
41,2,62104,0.09419392130472742,17,false
41,3,43116,0.10080437726511611,16,false
41,4,41448,0.10104231471222619,20,false
41,5,41200,0.09697996779747228,18,false
41,6,45488,0.09904962899118337,9,false
41,7,36816,0.10170998229162609,40,false
41,8,32904,0.08869598272137821,7,false
41,9,29048,0.10195225974379456,20,false
41,X,11156,0.05850028106571893,63,false
41,Y,1000,0.13680864986203745,17,false
41,10,31808,0.09555581483846352,14,false
41,11,36908,0.08577188928857674,5,false
41,12,39700,0.10224476763417924,9,false
41,13,22392,0.0913913853633729,19,false
41,14,25976,0.08400407848973838,17,false
41,15,27880,0.09164837466716526,5,false
41,16,27972,0.08308773227674336,17,false
41,17,35444,0.10321510362276097,21,false
41,18,18180,0.08886509516835778,5,false
41,19,33552,0.07916777547072715,10,false
41,20,21792,0.08940412527496544,17,false
41,21,11324,0.07865633232110467,5,false
41,22,16664,0.0886391892690524,11,false
42,2,62104,0.09042841808760968,9,false
42,3,43116,0.10230429496678399,19,false
42,4,41448,0.10064942616150481,20,false
42,5,41200,0.09402020203669746,18,false
42,6,45488,0.0994966796746334,9,false
42,7,36816,0.10368001736770523,18,false
42,8,32904,0.0886520135594199,7,false
42,9,29048,0.09531442174428041,6,false
42,X,11156,0.055067205415059745,146,false
42,Y,1000,0.15138899199680544,17,false
42,10,31808,0.09323891320766878,24,false
42,11,36908,0.08464665719000873,5,false
42,12,39700,0.10311398643328358,13,false
42,13,22392,0.09036538168472184,9,false
42,14,25976,0.08600281921506148,17,false
42,15,27880,0.08938562402048762,6,false
42,16,27972,0.08361516712072146,17,false
42,17,35444,0.1034594957482461,14,false
42,18,18180,0.08758702358358053,5,false
42,19,33552,0.07780080061225149,10,false
42,20,21792,0.0919453514979711,15,false
42,21,11324,0.0774034577671731,6,false
42,22,16664,0.09090108629593589,15,false
43,2,62104,0.09519046699700473,10,false
43,3,43116,0.10225601334946578,17,false
43,4,41448,0.10110309570399707,15,false
43,5,41200,0.09509312597631828,18,false
43,6,45488,0.09935759339775742,9,false
43,7,36816,0.10377906722008301,17,false
43,8,32904,0.09275512344562217,15,false
43,9,29048,0.10145301043570137,15,false
43,X,11156,0.061742479495234315,106,false
43,Y,1000,0.12590592672050832,11,false
43,10,31808,0.09532366608326107,13,false
43,11,36908,0.08507287672494951,5,false
43,12,39700,0.10249638562209137,13,false
43,13,22392,0.0908103771646718,17,false
43,14,25976,0.08332415099854958,20,false
43,15,27880,0.09272583550377783,5,false
43,16,27972,0.08345663161448354,17,false
43,17,35444,0.10418199213667605,14,false
43,18,18180,0.08845229536005199,5,false
43,19,33552,0.07787412962664332,9,false
43,20,21792,0.08883622041560685,24,false
43,21,11324,0.08134090593839481,5,false
43,22,16664,0.08689679336032673,10,false
44,2,62104,0.08617999671587169,28,false
44,3,43116,0.09600821086424381,26,false
44,4,41448,0.09516930159333699,30,false
44,5,41200,0.0886781137996595,21,false
44,6,45488,0.0946478104556467,27,false
44,7,36816,0.10345420068107347,31,false
44,8,32904,0.09063123832893055,35,false
44,9,29048,0.10190581042721703,30,false
44,X,11156,0.06622644235729434,66,false
44,Y,1000,0.13592022287338662,35,false
44,10,31808,0.09595510928186357,30,false
44,11,36908,0.08042250936500372,5,false
44,12,39700,0.10308919719741713,22,false
44,13,22392,0.08963541536261263,28,false
44,14,25976,0.0817929907085165,22,false
44,15,27880,0.09548720850651109,16,false
44,16,27972,0.08332627678785873,16,false
44,17,35444,0.09769155579962105,22,false
44,18,18180,0.08897695328032032,19,false
44,19,33552,0.07668615086001779,19,false
44,20,21792,0.09083231148494864,47,false
44,21,11324,0.08548706605882356,17,false
44,22,16664,0.08589955156624551,22,false
45,2,62104,0.08503746020549878,19,true
45,3,43116,0.09420999113053065,17,true
45,4,41448,0.08996337911264646,18,true
45,5,41200,0.08792417657912781,19,true
45,6,45488,0.09246680331639381,17,true
45,7,36816,0.09759979810409328,35,true
46,2,62104,0.09430260305544497,18,false
46,3,43116,0.10398713281737089,11,false
46,4,41448,0.10028369018897557,11,false
46,5,41200,0.09787363750590175,18,false
46,6,45488,0.09882037438516363,9,false
46,7,36816,0.10396026337699464,27,false
46,8,32904,0.09319212651637247,12,false
46,9,29048,0.10143781101099236,11,false
46,X,11156,0.06214024373796735,160,false
46,Y,1000,0.1266009553927735,9,false
46,10,31808,0.09341959241331578,16,false
46,11,36908,0.08702770221822667,5,false
46,12,39700,0.10194105255166458,11,false
46,13,22392,0.08955221188239396,9,false
46,14,25976,0.0822301085015616,9,false
46,15,27880,0.09212720494461368,5,false
46,16,27972,0.08373241499975133,12,false
46,17,35444,0.10252547268912311,16,false
46,18,18180,0.09267821534398737,9,false
46,19,33552,0.07669156577670909,28,false
46,20,21792,0.08905269881233374,12,false
46,21,11324,0.08227973408551731,6,false
46,22,16664,0.0890911622244574,11,false
47,2,62104,0.08543386947425785,151,true
47,3,43116,0.09747506564995016,165,true
47,4,41448,0.09375812176440887,160,true
47,5,41200,0.09039052612606872,150,true
47,6,45488,0.09370478096868406,154,true
47,7,36816,0.10071653975040783,324,true
48,2,62104,0.0879915083030921,17,true
48,3,43116,0.09334782807207262,12,true
48,4,41448,0.0904539313767502,19,true
48,5,41200,0.0891710275522658,9,true
48,6,45488,0.09396737890300125,10,true
48,7,36816,0.10096566016039671,32,true
49,2,62104,0.07835501178179753,29,true
49,3,43116,0.08670707037018924,67,true
49,4,41448,0.09010957489238483,29,true
49,5,41200,0.06689382470835371,20,true
49,6,45488,0.08554200954860802,19,true
49,7,36816,0.08646472308061066,159,true
