target,cell_line,y_true,y_pred_proba
Hum_XLOC_000006,HAP1,0,0.9726720647773279
Hum_XLOC_000008,HAP1,0,0.12145748987854252
Hum_XLOC_000016,HAP1,0,0.6477732793522267
Hum_XLOC_000030,HAP1,0,0.18294534412955465
Hum_XLOC_000033,HAP1,0,0.35703441295546556
Hum_XLOC_000039,HAP1,0,0.8064271255060729
Hum_XLOC_000053,HAP1,0,0.08552631578947369
Hum_XLOC_000057,HAP1,0,0.6115890688259109
Hum_XLOC_000060,HAP1,0,0.6277834008097166
Hum_XLOC_000080,HAP1,0,0.08198380566801619
Hum_XLOC_000094,HAP1,0,0.3727226720647773
Hum_XLOC_000100,HAP1,0,0.7421558704453441
Hum_XLOC_000105,HAP1,0,0.09767206477732794
Hum_XLOC_000107,HAP1,1,0.7338056680161944
Hum_XLOC_000111,HAP1,0,0.7940283400809717
Hum_XLOC_000134,HAP1,0,0.3894230769230769
Hum_XLOC_000143,HAP1,0,0.5893218623481782
Hum_XLOC_000145,HAP1,0,0.9078947368421053
Hum_XLOC_000149,HAP1,0,0.75
Hum_XLOC_000155,HAP1,1,0.9428137651821862
Hum_XLOC_000169,HAP1,0,0.7689777327935223
Hum_XLOC_000170,HAP1,0,0.8006072874493927
Hum_XLOC_000194,HAP1,0,0.9916497975708503
Hum_XLOC_000201,HAP1,0,0.19053643724696356
Hum_XLOC_000231,HAP1,0,0.7935222672064777
Hum_XLOC_000233,HAP1,0,0.9084008097165992
Hum_XLOC_000245,HAP1,0,0.5862854251012146
Hum_XLOC_000247,HAP1,0,0.1632085020242915
Hum_XLOC_000248,HAP1,0,0.9185222672064777
Hum_XLOC_000265,HAP1,0,0.3808198380566802
Hum_XLOC_000282,HAP1,0,0.24974696356275303
Hum_XLOC_000286,HAP1,0,0.5946356275303644
Hum_XLOC_000292,HAP1,0,0.11563765182186236
Hum_XLOC_000307,HAP1,1,0.20141700404858298
Hum_XLOC_000308,HAP1,0,0.7449392712550608
Hum_XLOC_000312,HAP1,0,0.4121963562753036
Hum_XLOC_000314,HAP1,0,0.05996963562753036
Hum_XLOC_000317,HAP1,0,0.20698380566801622
Hum_XLOC_000319,HAP1,0,0.6270242914979758
Hum_XLOC_000332,HAP1,0,0.3615890688259109
Hum_XLOC_000338,HAP1,0,0.444331983805668
Hum_XLOC_000342,HAP1,0,0.3846153846153846
Hum_XLOC_000345,HAP1,0,0.444078947368421
Hum_XLOC_000362,HAP1,0,0.7568319838056681
Hum_XLOC_000377,HAP1,0,0.1604251012145749
Hum_XLOC_000390,HAP1,0,0.6508097165991903
Hum_XLOC_000394,HAP1,0,0.1978744939271255
Hum_XLOC_000411,HAP1,0,0.8418522267206479
Hum_XLOC_000415,HAP1,0,0.5619939271255061
Hum_XLOC_000430,HAP1,0,0.854251012145749
Hum_XLOC_000436,HAP1,0,0.8780364372469636
Hum_XLOC_000437,HAP1,0,0.8679149797570851
Hum_XLOC_000456,HAP1,0,0.9286437246963563
Hum_XLOC_000461,HAP1,0,0.7808704453441295
Hum_XLOC_000462,HAP1,0,0.49291497975708504
Hum_XLOC_000465,HAP1,0,0.888663967611336
Hum_XLOC_000472,HAP1,0,0.7935222672064777
Hum_XLOC_000474,HAP1,0,0.12322874493927125
Hum_XLOC_000478,HAP1,0,0.5951417004048583
Hum_XLOC_000486,HAP1,0,0.4187753036437247
Hum_XLOC_000490,HAP1,0,0.13385627530364372
Hum_XLOC_000498,HAP1,0,0.7302631578947368
Hum_XLOC_000500,HAP1,0,0.18572874493927127
Hum_XLOC_000510,HAP1,0,0.611082995951417
Hum_XLOC_000535,HAP1,0,0.896508097165992
Hum_XLOC_000540,HAP1,0,0.37702429149797567
Hum_XLOC_000556,HAP1,0,0.2165991902834008
Hum_XLOC_000574,HAP1,0,0.5447874493927125
Hum_XLOC_000575,HAP1,0,0.31705465587044535
Hum_XLOC_000582,HAP1,0,0.09286437246963564
Hum_XLOC_000590,HAP1,0,0.8241396761133604
Hum_XLOC_000601,HAP1,0,0.058704453441295545
Hum_XLOC_000604,HAP1,0,0.597925101214575
Hum_XLOC_000608,HAP1,0,0.32110323886639675
Hum_XLOC_000612,HAP1,0,0.7793522267206477
Hum_XLOC_000636,HAP1,0,0.6396761133603239
Hum_XLOC_000638,HAP1,0,0.784412955465587
Hum_XLOC_000641,HAP1,0,0.4977226720647773
Hum_XLOC_000655,HAP1,0,0.9759615384615385
Hum_XLOC_000668,HAP1,0,0.8119939271255061
Hum_XLOC_000680,HAP1,0,0.22064777327935223
Hum_XLOC_000681,HAP1,0,0.707995951417004
Hum_XLOC_000695,HAP1,0,0.1417004048582996
Hum_XLOC_000702,HAP1,0,0.3023785425101215
Hum_XLOC_000726,HAP1,0,0.41700404858299595
Hum_XLOC_000727,HAP1,0,0.1429655870445344
Hum_XLOC_000758,HAP1,0,0.8851214574898785
Hum_XLOC_000773,HAP1,0,0.5781882591093117
Hum_XLOC_000774,HAP1,0,0.7613866396761133
Hum_XLOC_000797,HAP1,0,0.09109311740890688
Hum_XLOC_000799,HAP1,0,0.6971153846153846
Hum_XLOC_000800,HAP1,0,0.7806174089068826
Hum_XLOC_000807,HAP1,0,0.9337044534412955
Hum_XLOC_000818,HAP1,0,0.8917004048582996
Hum_XLOC_000828,HAP1,0,0.8390688259109311
Hum_XLOC_000831,HAP1,0,0.7894736842105263
Hum_XLOC_000835,HAP1,0,0.4939271255060729
Hum_XLOC_000840,HAP1,0,0.3727226720647773
Hum_XLOC_000841,HAP1,0,0.4493927125506073
Hum_XLOC_000842,HAP1,0,0.4023279352226721
Hum_XLOC_000854,HAP1,0,0.3102226720647773
Hum_XLOC_000855,HAP1,0,0.15030364372469635
Hum_XLOC_000883,HAP1,0,0.08527327935222671
Hum_XLOC_000885,HAP1,0,0.08704453441295545
Hum_XLOC_000905,HAP1,0,0.5878036437246963
Hum_XLOC_000917,HAP1,0,0.14473684210526316
Hum_XLOC_000925,HAP1,0,0.7828947368421053
Hum_XLOC_000944,HAP1,0,0.36766194331983804
Hum_XLOC_000949,HAP1,0,0.050354251012145745
Hum_XLOC_000953,HAP1,0,0.0736336032388664
Hum_XLOC_000964,HAP1,0,0.3755060728744939
Hum_XLOC_000990,HAP1,0,0.02580971659919028
Hum_XLOC_000994,HAP1,0,0.7904858299595142
Hum_XLOC_001020,HAP1,0,0.4418016194331984
Hum_XLOC_001029,HAP1,0,0.3484311740890688
Hum_XLOC_001066,HAP1,1,0.9731781376518218
Hum_XLOC_001120,HAP1,0,0.8038967611336032
Hum_XLOC_001121,HAP1,0,0.5440283400809717
Hum_XLOC_001122,HAP1,0,0.5055668016194332
Hum_XLOC_001125,HAP1,0,0.12601214574898786
Hum_XLOC_001132,HAP1,0,0.11310728744939272
Hum_XLOC_001138,HAP1,0,0.15865384615384615
Hum_XLOC_001144,HAP1,0,0.2851720647773279
Hum_XLOC_001146,HAP1,0,0.8109817813765182
Hum_XLOC_001188,HAP1,0,0.6206983805668016
Hum_XLOC_001191,HAP1,0,0.416497975708502
Hum_XLOC_001192,HAP1,0,0.8228744939271255
Hum_XLOC_001217,HAP1,0,0.31275303643724695
Hum_XLOC_001222,HAP1,0,0.08704453441295547
Hum_XLOC_001228,HAP1,0,0.32869433198380565
Hum_XLOC_001230,HAP1,0,0.8168016194331984
Hum_XLOC_001237,HAP1,0,0.12398785425101214
Hum_XLOC_001243,HAP1,0,0.7416497975708503
Hum_XLOC_001275,HAP1,0,0.2765688259109312
Hum_XLOC_001279,HAP1,0,0.4003036437246964
Hum_XLOC_001291,HAP1,0,0.9154858299595141
Hum_XLOC_001296,HAP1,0,0.8863866396761133
Hum_XLOC_001297,HAP1,0,0.8218623481781376
Hum_XLOC_001309,HAP1,0,0.08906882591093118
Hum_XLOC_001329,HAP1,0,0.8876518218623481
Hum_XLOC_001330,HAP1,0,0.7378542510121457
Hum_XLOC_001355,HAP1,0,0.05490890688259109
Hum_XLOC_001366,HAP1,0,0.4058704453441295
Hum_XLOC_001367,HAP1,0,0.20470647773279355
Hum_XLOC_001375,HAP1,0,0.2241902834008097
Hum_XLOC_001390,HAP1,0,0.03643724696356276
Hum_XLOC_001405,HAP1,0,0.07540485829959515
Hum_XLOC_001461,HAP1,0,0.3853744939271255
Hum_XLOC_001465,HAP1,0,0.8125
Hum_XLOC_001488,HAP1,0,0.07742914979757085
Hum_XLOC_001490,HAP1,0,0.666497975708502
Hum_XLOC_001509,HAP1,0,0.48127530364372473
Hum_XLOC_001516,HAP1,0,0.35323886639676116
Hum_XLOC_001532,HAP1,0,0.11715587044534413
Hum_XLOC_001539,HAP1,0,0.3317307692307692
Hum_XLOC_001541,HAP1,0,0.9132085020242915
Hum_XLOC_001542,HAP1,0,0.6720647773279352
Hum_XLOC_001548,HAP1,1,0.8006072874493927
Hum_XLOC_001559,HAP1,0,0.9359817813765182
Hum_XLOC_001565,HAP1,0,0.6500506072874495
Hum_XLOC_001566,HAP1,0,0.2449392712550607
Hum_XLOC_001575,HAP1,0,0.1034919028340081
Hum_XLOC_001580,HAP1,0,0.07009109311740891
Hum_XLOC_001590,HAP1,0,0.8216093117408907
Hum_XLOC_001615,HAP1,0,0.8674089068825911
Hum_XLOC_001624,HAP1,0,0.8937246963562753
Hum_XLOC_001639,HAP1,0,0.8699392712550607
Hum_XLOC_001661,HAP1,0,0.8595647773279352
Hum_XLOC_001666,HAP1,0,0.5379554655870445
Hum_XLOC_001668,HAP1,0,0.47393724696356276
Hum_XLOC_001688,HAP1,0,0.16928137651821862
Hum_XLOC_001689,HAP1,0,0.7591093117408907
Hum_XLOC_001695,HAP1,0,0.9375
Hum_XLOC_001696,HAP1,0,0.46735829959514175
Hum_XLOC_001698,HAP1,0,0.41978744939271256
Hum_XLOC_001707,HAP1,0,0.8335020242914979
Hum_XLOC_001760,HAP1,0,0.909412955465587
Hum_XLOC_001761,HAP1,0,0.46761133603238864
Hum_XLOC_001773,HAP1,0,0.07540485829959515
Hum_XLOC_001775,HAP1,0,0.5096153846153846
Hum_XLOC_001779,HAP1,0,0.9321862348178138
Hum_XLOC_001783,HAP1,0,0.840587044534413
Hum_XLOC_001791,HAP1,0,0.49063765182186236
Hum_XLOC_001805,HAP1,0,0.40106275303643724
Hum_XLOC_001809,HAP1,0,0.07312753036437247
Hum_XLOC_001848,HAP1,0,0.5703441295546559
Hum_XLOC_001919,HAP1,1,0.694078947368421
Hum_XLOC_001941,HAP1,0,0.3119939271255061
Hum_XLOC_001942,HAP1,0,0.611842105263158
Hum_XLOC_001949,HAP1,0,0.08021255060728745
Hum_XLOC_001950,HAP1,0,0.8904352226720648
Hum_XLOC_001953,HAP1,0,0.5718623481781376
Hum_XLOC_001957,HAP1,0,0.5220141700404858
Hum_XLOC_001961,HAP1,0,0.6533400809716599
Hum_XLOC_001969,HAP1,0,0.8838562753036437
Hum_XLOC_002024,HAP1,0,0.5878036437246963
Hum_XLOC_002028,HAP1,0,0.03466599190283401
Hum_XLOC_002033,HAP1,0,0.513157894736842
Hum_XLOC_002036,HAP1,0,0.6920546558704453
Hum_XLOC_002037,HAP1,0,0.756578947368421
Hum_XLOC_002041,HAP1,0,0.07236842105263158
Hum_XLOC_002059,HAP1,0,0.8674089068825911
Hum_XLOC_002061,HAP1,0,0.09210526315789473
Hum_XLOC_002068,HAP1,0,0.6571356275303644
Hum_XLOC_002081,HAP1,0,0.9800101214574899
Hum_XLOC_002093,HAP1,0,0.23051619433198384
Hum_XLOC_002099,HAP1,0,0.1647267206477733
Hum_XLOC_002144,HAP1,0,0.8390688259109311
Hum_XLOC_002150,HAP1,0,0.6346153846153846
Hum_XLOC_002152,HAP1,0,0.7742914979757085
Hum_XLOC_002154,HAP1,0,0.4574898785425101
Hum_XLOC_002169,HAP1,0,0.9883603238866396
Hum_XLOC_002170,HAP1,0,0.06427125506072874
Hum_XLOC_002176,HAP1,0,0.763917004048583
Hum_XLOC_002178,HAP1,0,0.06148785425101214
Hum_XLOC_002186,HAP1,1,0.9048582995951417
Hum_XLOC_002204,HAP1,0,0.4676113360323887
Hum_XLOC_002205,HAP1,0,0.4147267206477733
Hum_XLOC_002219,HAP1,0,0.5609817813765182
Hum_XLOC_002244,HAP1,0,0.3557692307692308
Hum_XLOC_002252,HAP1,0,0.06325910931174089
Hum_XLOC_002261,HAP1,0,0.26771255060728744
Hum_XLOC_002262,HAP1,0,0.708502024291498
Hum_XLOC_002265,HAP1,0,0.5979251012145749
Hum_XLOC_002271,HAP1,0,0.43294534412955465
Hum_XLOC_002280,HAP1,0,0.2527834008097166
Hum_XLOC_002282,HAP1,1,0.7765688259109311
Hum_XLOC_002283,HAP1,0,0.9180161943319838
Hum_XLOC_002284,HAP1,0,0.08299595141700404
Hum_XLOC_002294,HAP1,0,0.3061740890688259
Hum_XLOC_002296,HAP1,0,0.9483805668016194
Hum_XLOC_002299,HAP1,0,0.13841093117408906
Hum_XLOC_002301,HAP1,0,0.11133603238866396
Hum_XLOC_002306,HAP1,0,0.6966093117408907
Hum_XLOC_002311,HAP1,0,0.777580971659919
Hum_XLOC_002313,HAP1,1,0.6647267206477733
Hum_XLOC_002314,HAP1,1,0.9433198380566802
Hum_XLOC_002327,HAP1,0,0.8894230769230769
Hum_XLOC_002330,HAP1,0,0.2715080971659919
Hum_XLOC_002338,HAP1,0,0.2006578947368421
Hum_XLOC_002344,HAP1,0,0.0298582995951417
Hum_XLOC_002347,HAP1,0,0.7727732793522267
Hum_XLOC_002348,HAP1,0,0.5728744939271255
Hum_XLOC_002362,HAP1,0,0.016194331983805668
Hum_XLOC_002364,HAP1,0,0.8719635627530364
Hum_XLOC_002383,HAP1,0,0.09463562753036436
Hum_XLOC_002386,HAP1,0,0.7059716599190284
Hum_XLOC_002390,HAP1,0,0.6219635627530364
Hum_XLOC_002394,HAP1,0,0.9329453441295547
Hum_XLOC_002398,HAP1,0,0.5546558704453441
Hum_XLOC_002399,HAP1,0,0.4848178137651822
Hum_XLOC_002408,HAP1,0,0.24342105263157895
Hum_XLOC_002414,HAP1,0,0.30718623481781376
Hum_XLOC_002418,HAP1,0,0.034919028340080975
Hum_XLOC_002435,HAP1,1,0.9883603238866396
Hum_XLOC_002440,HAP1,0,0.6963562753036436
Hum_XLOC_002489,HAP1,0,0.6571356275303644
Hum_XLOC_002490,HAP1,0,0.7279858299595141
Hum_XLOC_002493,HAP1,0,0.9053643724696356
Hum_XLOC_002520,HAP1,0,0.8876518218623481
Hum_XLOC_002524,HAP1,0,0.07034412955465587
Hum_XLOC_002546,HAP1,0,0.16396761133603238
Hum_XLOC_002560,HAP1,0,0.15890688259109312
Hum_XLOC_002570,HAP1,0,0.06351214574898786
Hum_XLOC_002577,HAP1,0,0.4476214574898785
Hum_XLOC_002579,HAP1,0,0.6771255060728745
Hum_XLOC_002586,HAP1,0,0.06578947368421052
Hum_XLOC_002589,HAP1,0,0.2935222672064778
Hum_XLOC_002629,HAP1,0,0.4089068825910931
Hum_XLOC_002631,HAP1,0,0.5824898785425101
Hum_XLOC_002635,HAP1,0,0.15106275303643724
Hum_XLOC_002644,HAP1,0,0.6009615384615384
Hum_XLOC_002646,HAP1,0,0.23026315789473684
Hum_XLOC_002653,HAP1,0,0.5880566801619433
Hum_XLOC_002681,HAP1,0,0.13765182186234817
Hum_XLOC_002695,HAP1,0,0.33856275303643724
Hum_XLOC_002702,HAP1,0,0.058704453441295545
Hum_XLOC_002705,HAP1,0,0.33375506072874495
Hum_XLOC_002711,HAP1,0,0.5878036437246963
Hum_XLOC_002714,HAP1,0,0.42940283400809715
Hum_XLOC_002717,HAP1,0,0.7871963562753036
Hum_XLOC_002725,HAP1,0,0.5812246963562753
Hum_XLOC_002741,HAP1,0,0.7659412955465588
Hum_XLOC_002742,HAP1,1,0.8947368421052632
Hum_XLOC_002744,HAP1,0,0.05845141700404858
Hum_XLOC_002760,HAP1,0,0.12677125506072875
Hum_XLOC_002788,HAP1,0,0.2216599190283401
Hum_XLOC_002792,HAP1,0,0.6826923076923077
Hum_XLOC_002796,HAP1,0,0.6285425101214575
Hum_XLOC_002817,HAP1,0,0.3517206477732794
Hum_XLOC_002836,HAP1,1,0.9969635627530364
Hum_XLOC_002844,HAP1,0,0.8722165991902834
Hum_XLOC_002845,HAP1,0,0.3340080971659919
Hum_XLOC_002859,HAP1,0,0.2591093117408907
Hum_XLOC_002889,HAP1,0,0.9056174089068826
Hum_XLOC_002911,HAP1,0,0.8603238866396761
Hum_XLOC_002935,HAP1,0,0.4382591093117409
Hum_XLOC_002937,HAP1,0,0.11032388663967611
Hum_XLOC_002967,HAP1,0,0.34893724696356276
Hum_XLOC_002983,HAP1,0,0.1229757085020243
Hum_XLOC_002986,HAP1,0,0.9443319838056681
Hum_XLOC_002990,HAP1,0,0.2373481781376518
Hum_XLOC_003039,HAP1,0,0.7877024291497976
Hum_XLOC_003061,HAP1,0,0.8173076923076923
Hum_XLOC_003086,HAP1,0,0.7540485829959513
Hum_XLOC_003099,HAP1,0,0.3140182186234818
Hum_XLOC_003109,HAP1,0,0.18092105263157895
Hum_XLOC_003128,HAP1,0,0.8595647773279352
Hum_XLOC_003134,HAP1,0,0.6303137651821862
Hum_XLOC_003137,HAP1,0,0.06958502024291498
Hum_XLOC_003154,HAP1,0,0.3259109311740891
Hum_XLOC_003155,HAP1,0,0.5253036437246964
Hum_XLOC_003171,HAP1,0,0.10323886639676114
Hum_XLOC_003209,HAP1,0,0.2950404858299595
Hum_XLOC_003215,HAP1,0,0.9534412955465588
Hum_XLOC_003221,HAP1,0,0.11336032388663966
Hum_XLOC_003232,HAP1,0,0.23431174089068826
Hum_XLOC_003268,HAP1,1,0.34134615384615385
Hum_XLOC_003269,HAP1,0,0.7072368421052632
Hum_XLOC_003286,HAP1,0,0.2550607287449393
Hum_XLOC_003290,HAP1,0,0.07262145748987854
Hum_XLOC_003294,HAP1,0,0.26771255060728744
Hum_XLOC_003321,HAP1,0,0.819838056680162
Hum_XLOC_003324,HAP1,0,0.666751012145749
Hum_XLOC_003334,HAP1,0,0.06123481781376518
Hum_XLOC_003337,HAP1,0,0.6014676113360324
Hum_XLOC_003338,HAP1,0,0.5387145748987854
Hum_XLOC_003352,HAP1,0,0.7618927125506073
Hum_XLOC_003357,HAP1,0,0.5637651821862348
Hum_XLOC_003361,HAP1,0,0.41725708502024295
Hum_XLOC_003371,HAP1,0,0.17358299595141702
Hum_XLOC_003381,HAP1,0,0.1417004048582996
Hum_XLOC_003408,HAP1,0,0.39549595141700405
Hum_XLOC_003436,HAP1,0,0.13841093117408906
Hum_XLOC_003440,HAP1,0,0.076417004048583
Hum_XLOC_003450,HAP1,0,0.8514676113360324
Hum_XLOC_003466,HAP1,0,0.5802125506072875
Hum_XLOC_003488,HAP1,0,0.1548582995951417
Hum_XLOC_003491,HAP1,0,0.3104757085020243
Hum_XLOC_003497,HAP1,0,0.09539473684210525
Hum_XLOC_003498,HAP1,0,0.0979251012145749
Hum_XLOC_003502,HAP1,0,0.7044534412955465
Hum_XLOC_003518,HAP1,0,0.24822874493927127
Hum_XLOC_003532,HAP1,0,0.20673076923076922
Hum_XLOC_003543,HAP1,0,0.1062753036437247
Hum_XLOC_003554,HAP1,1,0.8238866396761133
Hum_XLOC_003563,HAP1,0,0.37575910931174084
Hum_XLOC_003567,HAP1,0,0.32894736842105265
Hum_XLOC_003568,HAP1,0,0.44913967611336036
Hum_XLOC_003570,HAP1,0,0.30541497975708504
Hum_XLOC_003571,HAP1,0,0.49013157894736836
Hum_XLOC_003593,HAP1,0,0.8299595141700404
Hum_XLOC_003594,HAP1,0,0.16826923076923078
Hum_XLOC_003598,HAP1,0,0.6348684210526316
Hum_XLOC_003626,HAP1,0,0.07262145748987854
Hum_XLOC_003628,HAP1,0,0.6014676113360324
Hum_XLOC_003630,HAP1,0,0.7332995951417004
Hum_XLOC_003641,HAP1,0,0.6090587044534412
Hum_XLOC_003662,HAP1,0,0.7241902834008097
Hum_XLOC_003665,HAP1,0,0.951417004048583
Hum_XLOC_003672,HAP1,0,0.3216093117408907
Hum_XLOC_003673,HAP1,0,0.6510627530364372
Hum_XLOC_003674,HAP1,0,0.5718623481781376
Hum_XLOC_003676,HAP1,0,0.7449392712550607
Hum_XLOC_003686,HAP1,0,0.813259109311741
Hum_XLOC_003697,HAP1,0,0.19306680161943318
Hum_XLOC_003717,HAP1,0,0.0430161943319838
Hum_XLOC_003725,HAP1,0,0.09387651821862349
Hum_XLOC_003743,HAP1,0,0.3484311740890688
Hum_XLOC_003754,HAP1,0,0.9180161943319838
Hum_XLOC_003766,HAP1,0,0.38360323886639675
Hum_XLOC_003775,HAP1,0,0.06401821862348178
Hum_XLOC_003790,HAP1,0,0.8312246963562753
Hum_XLOC_003799,HAP1,0,0.8001012145748988
Hum_XLOC_003853,HAP1,0,0.04301619433198381
Hum_XLOC_003865,HAP1,0,0.27125506072874495
Hum_XLOC_003871,HAP1,0,0.07312753036437247
Hum_XLOC_003891,HAP1,0,0.3603238866396761
Hum_XLOC_003892,HAP1,0,0.4061234817813765
Hum_XLOC_003910,HAP1,0,0.15789473684210525
Hum_XLOC_003911,HAP1,0,0.8064271255060729
Hum_XLOC_003952,HAP1,0,0.5668016194331984
Hum_XLOC_003971,HAP1,0,0.8588056680161944
Hum_XLOC_003988,HAP1,0,0.5802125506072875
Hum_XLOC_004020,HAP1,0,0.16422064777327935
Hum_XLOC_004035,HAP1,0,0.3782894736842105
Hum_XLOC_004036,HAP1,0,0.8205971659919029
Hum_XLOC_004048,HAP1,0,0.23431174089068826
Hum_XLOC_004068,HAP1,0,0.7694838056680162
Hum_XLOC_004069,HAP1,0,0.12120445344129555
Hum_XLOC_004095,HAP1,0,0.32110323886639675
Hum_XLOC_004096,HAP1,0,0.24392712550607287
Hum_XLOC_004116,HAP1,1,0.7621457489878543
Hum_XLOC_004123,HAP1,0,0.2608805668016194
Hum_XLOC_004134,HAP1,0,0.936740890688259
Hum_XLOC_004161,HAP1,0,0.582995951417004
Hum_XLOC_004168,HAP1,0,0.6895242914979758
Hum_XLOC_004169,HAP1,0,0.15688259109311742
Hum_XLOC_004177,HAP1,0,0.6131072874493928
Hum_XLOC_004200,HAP1,0,0.9344635627530364
Hum_XLOC_004201,HAP1,0,0.22241902834008098
Hum_XLOC_004219,HAP1,0,0.7206477732793521
Hum_XLOC_004226,HAP1,0,0.7588562753036437
Hum_XLOC_004227,HAP1,0,0.9294028340080971
Hum_XLOC_004236,HAP1,1,0.7057186234817814
Hum_XLOC_004254,HAP1,1,0.999746963562753
Hum_XLOC_004255,HAP1,0,0.04251012145748988
Hum_XLOC_004262,HAP1,1,0.972419028340081
Hum_XLOC_004269,HAP1,0,0.04807692307692308
Hum_XLOC_004277,HAP1,0,0.20673076923076922
Hum_XLOC_004278,HAP1,0,0.13081983805668015
Hum_XLOC_004282,HAP1,0,0.542004048582996
Hum_XLOC_004287,HAP1,0,0.4638157894736842
Hum_XLOC_004293,HAP1,0,0.4111842105263158
Hum_XLOC_004302,HAP1,0,0.7062246963562753
Hum_XLOC_004303,HAP1,0,0.043522267206477734
Hum_XLOC_004306,HAP1,0,0.1756072874493927
Hum_XLOC_004309,HAP1,0,0.923582995951417
Hum_XLOC_004314,HAP1,0,0.936740890688259
Hum_XLOC_004317,HAP1,0,0.24418016194331982
Hum_XLOC_004336,HAP1,0,0.28289473684210525
Hum_XLOC_004343,HAP1,0,0.14043522267206476
Hum_XLOC_004350,HAP1,0,0.9491396761133604
Hum_XLOC_004361,HAP1,0,0.2560728744939271
Hum_XLOC_004363,HAP1,0,0.31806680161943324
Hum_XLOC_004401,HAP1,0,0.21887651821862347
Hum_XLOC_004405,HAP1,1,0.9299089068825911
Hum_XLOC_004407,HAP1,0,0.0597165991902834
Hum_XLOC_004424,HAP1,0,0.1763663967611336
Hum_XLOC_004437,HAP1,0,0.6126012145748988
Hum_XLOC_004446,HAP1,0,0.12095141700404859
Hum_XLOC_004457,HAP1,0,0.47975708502024295
Hum_XLOC_004482,HAP1,0,0.18547570850202427
Hum_XLOC_004502,HAP1,0,0.08628542510121458
Hum_XLOC_004515,HAP1,0,0.9931680161943319
Hum_XLOC_004529,HAP1,0,0.4686234817813765
Hum_XLOC_004535,HAP1,0,0.2062246963562753
Hum_XLOC_004553,HAP1,0,0.23152834008097165
Hum_XLOC_004566,HAP1,0,0.4903846153846154
Hum_XLOC_004567,HAP1,0,0.652074898785425
Hum_XLOC_004572,HAP1,0,0.98582995951417
Hum_XLOC_004578,HAP1,0,0.8223684210526316
Hum_XLOC_004580,HAP1,0,0.6854757085020243
Hum_XLOC_004581,HAP1,0,0.7613866396761133
Hum_XLOC_004587,HAP1,0,0.42105263157894735
Hum_XLOC_004600,HAP1,0,0.8671558704453441
Hum_XLOC_004601,HAP1,0,0.5931174089068826
Hum_XLOC_004607,HAP1,0,0.7560728744939271
Hum_XLOC_004617,HAP1,0,0.10399797570850203
Hum_XLOC_004619,HAP1,0,0.916244939271255
Hum_XLOC_004620,HAP1,0,0.611336032388664
Hum_XLOC_004632,HAP1,0,0.7677125506072875
Hum_XLOC_004636,HAP1,0,0.5561740890688259
Hum_XLOC_004652,HAP1,0,0.5814777327935223
Hum_XLOC_004653,HAP1,0,0.3560222672064777
Hum_XLOC_004657,HAP1,1,0.8084514170040487
Hum_XLOC_004661,HAP1,0,0.6252530364372471
Hum_XLOC_004683,HAP1,0,0.03289473684210526
Hum_XLOC_004684,HAP1,0,0.43294534412955465
Hum_XLOC_004688,HAP1,0,0.7449392712550607
Hum_XLOC_004689,HAP1,0,0.4369939271255061
Hum_XLOC_004705,HAP1,0,0.14802631578947367
Hum_XLOC_004717,HAP1,1,0.9478744939271255
Hum_XLOC_004718,HAP1,0,0.5503542510121457
Hum_XLOC_004733,HAP1,0,0.3352732793522267
Hum_XLOC_004741,HAP1,0,0.03896761133603239
Hum_XLOC_004762,HAP1,0,0.7216599190283401
Hum_XLOC_004771,HAP1,0,0.5635121457489878
Hum_XLOC_004777,HAP1,0,0.8459008097165992
Hum_XLOC_004788,HAP1,1,0.9405364372469636
Hum_XLOC_004791,HAP1,1,0.9881072874493927
Hum_XLOC_004795,HAP1,0,0.8949898785425101
Hum_XLOC_004803,HAP1,0,0.1126012145748988
Hum_XLOC_004805,HAP1,0,0.45622469635627527
Hum_XLOC_004813,HAP1,0,0.8302125506072875
Hum_XLOC_004815,HAP1,0,0.8119939271255061
Hum_XLOC_004822,HAP1,0,0.6384109311740891
Hum_XLOC_004823,HAP1,1,0.86082995951417
Hum_XLOC_004827,HAP1,0,0.20040485829959515
Hum_XLOC_004837,HAP1,0,0.4559716599190283
Hum_XLOC_004839,HAP1,0,0.7694838056680162
Hum_XLOC_004855,HAP1,0,0.7024291497975708
Hum_XLOC_004874,HAP1,0,0.03871457489878542
Hum_XLOC_004875,HAP1,0,0.6409412955465588
Hum_XLOC_004878,HAP1,0,0.9078947368421053
Hum_XLOC_004884,HAP1,0,0.7742914979757085
Hum_XLOC_004911,HAP1,0,0.24468623481781376
Hum_XLOC_004915,HAP1,1,0.8856275303643725
Hum_XLOC_004927,HAP1,0,0.5581983805668016
Hum_XLOC_004929,HAP1,0,0.32793522267206476
Hum_XLOC_004936,HAP1,0,0.3577935222672065
Hum_XLOC_004957,HAP1,0,0.4810222672064778
Hum_XLOC_004960,HAP1,0,0.6705465587044535
Hum_XLOC_004965,HAP1,0,0.0959008097165992
Hum_XLOC_000006,K562,0,0.5263157894736842
Hum_XLOC_000008,K562,0,0.6166497975708503
Hum_XLOC_000016,K562,0,0.736082995951417
Hum_XLOC_000030,K562,0,0.3760121457489879
Hum_XLOC_000033,K562,0,0.44306680161943324
Hum_XLOC_000039,K562,0,0.798582995951417
Hum_XLOC_000053,K562,0,0.23380566801619435
Hum_XLOC_000057,K562,1,0.778087044534413
Hum_XLOC_000060,K562,1,0.9190283400809717
Hum_XLOC_000080,K562,0,0.6923076923076923
Hum_XLOC_000094,K562,0,0.8236336032388664
Hum_XLOC_000100,K562,1,0.9089068825910931
Hum_XLOC_000105,K562,0,0.14397773279352227
Hum_XLOC_000107,K562,0,0.4347165991902834
Hum_XLOC_000111,K562,1,0.7661943319838057
Hum_XLOC_000134,K562,0,0.4731781376518219
Hum_XLOC_000143,K562,1,0.9620445344129555
Hum_XLOC_000145,K562,0,0.9706477732793521
Hum_XLOC_000149,K562,0,0.8461538461538461
Hum_XLOC_000155,K562,1,0.9493927125506073
Hum_XLOC_000169,K562,0,0.7952935222672065
Hum_XLOC_000170,K562,0,0.4455971659919028
Hum_XLOC_000194,K562,0,0.9822874493927125
Hum_XLOC_000201,K562,0,0.6338562753036436
Hum_XLOC_000231,K562,1,0.6976214574898785
Hum_XLOC_000233,K562,1,0.7613866396761133
Hum_XLOC_000245,K562,0,0.3924595141700405
Hum_XLOC_000247,K562,0,0.4772267206477733
Hum_XLOC_000248,K562,0,0.6976214574898785
Hum_XLOC_000265,K562,0,0.7684716599190283
Hum_XLOC_000282,K562,0,0.5043016194331984
Hum_XLOC_000286,K562,1,0.9615384615384616
Hum_XLOC_000292,K562,0,0.2747975708502024
Hum_XLOC_000307,K562,0,0.4891194331983806
Hum_XLOC_000308,K562,0,0.45546558704453444
Hum_XLOC_000312,K562,1,0.7009109311740891
Hum_XLOC_000314,K562,0,0.19635627530364375
Hum_XLOC_000317,K562,0,0.7510121457489878
Hum_XLOC_000319,K562,0,0.8990384615384616
Hum_XLOC_000332,K562,0,0.6209514170040487
Hum_XLOC_000338,K562,0,0.631578947368421
Hum_XLOC_000342,K562,0,0.5771761133603239
Hum_XLOC_000345,K562,0,0.4891194331983806
Hum_XLOC_000362,K562,0,0.6561234817813766
Hum_XLOC_000377,K562,1,0.4782388663967611
Hum_XLOC_000390,K562,0,0.3281882591093117
Hum_XLOC_000394,K562,0,0.7325404858299596
Hum_XLOC_000411,K562,0,0.8669028340080972
Hum_XLOC_000415,K562,0,0.6209514170040485
Hum_XLOC_000430,K562,0,0.46963562753036436
Hum_XLOC_000436,K562,0,0.8162955465587045
Hum_XLOC_000437,K562,1,0.861336032388664
Hum_XLOC_000456,K562,1,0.9959514170040487
Hum_XLOC_000461,K562,0,0.7353238866396761
Hum_XLOC_000462,K562,0,0.7631578947368421
Hum_XLOC_000465,K562,0,0.8041497975708503
Hum_XLOC_000472,K562,0,0.44053643724696356
Hum_XLOC_000474,K562,0,0.14549595141700405
Hum_XLOC_000478,K562,0,0.9681174089068826
Hum_XLOC_000486,K562,0,0.5541497975708503
Hum_XLOC_000490,K562,0,0.27024291497975705
Hum_XLOC_000498,K562,0,0.7211538461538461
Hum_XLOC_000500,K562,1,0.63917004048583
Hum_XLOC_000510,K562,0,0.9539473684210527
Hum_XLOC_000535,K562,0,0.9772267206477733
Hum_XLOC_000540,K562,0,0.8825910931174089
Hum_XLOC_000556,K562,0,0.25126518218623484
Hum_XLOC_000574,K562,0,0.2525303643724696
Hum_XLOC_000575,K562,0,0.8873987854251012
Hum_XLOC_000582,K562,0,0.1842105263157895
Hum_XLOC_000590,K562,0,0.7004048582995952
Hum_XLOC_000601,K562,0,0.13233805668016194
Hum_XLOC_000604,K562,0,0.9319331983805668
Hum_XLOC_000608,K562,1,0.8372975708502024
Hum_XLOC_000612,K562,0,0.9425607287449393
Hum_XLOC_000636,K562,1,0.9008097165991903
Hum_XLOC_000638,K562,0,0.5875506072874495
Hum_XLOC_000641,K562,0,0.3476720647773279
Hum_XLOC_000655,K562,0,0.7120445344129555
Hum_XLOC_000668,K562,0,0.4400303643724697
Hum_XLOC_000680,K562,0,0.2813765182186235
Hum_XLOC_000681,K562,0,0.8691801619433199
Hum_XLOC_000695,K562,0,0.624240890688259
Hum_XLOC_000702,K562,0,0.3977732793522267
Hum_XLOC_000726,K562,0,0.771002024291498
Hum_XLOC_000727,K562,0,0.2990890688259109
Hum_XLOC_000758,K562,0,0.958248987854251
Hum_XLOC_000773,K562,0,0.41877530364372473
Hum_XLOC_000774,K562,0,0.7747975708502024
Hum_XLOC_000797,K562,0,0.3582995951417004
Hum_XLOC_000799,K562,0,0.6460020242914979
Hum_XLOC_000800,K562,0,0.7580971659919029
Hum_XLOC_000807,K562,0,0.9450910931174089
Hum_XLOC_000818,K562,0,0.833755060728745
Hum_XLOC_000828,K562,0,0.8089574898785425
Hum_XLOC_000831,K562,0,0.7264676113360324
Hum_XLOC_000835,K562,0,0.5182186234817814
Hum_XLOC_000840,K562,0,0.8221153846153846
Hum_XLOC_000841,K562,0,0.5334008097165992
Hum_XLOC_000842,K562,0,0.3190789473684211
Hum_XLOC_000854,K562,1,0.9557186234817814
Hum_XLOC_000855,K562,0,0.5303643724696356
Hum_XLOC_000883,K562,0,0.22672064777327935
Hum_XLOC_000885,K562,0,0.19357287449392713
Hum_XLOC_000905,K562,0,0.9832995951417004
Hum_XLOC_000917,K562,0,0.25
Hum_XLOC_000925,K562,0,0.9461032388663968
Hum_XLOC_000944,K562,0,0.791751012145749
Hum_XLOC_000949,K562,0,0.24898785425101216
Hum_XLOC_000953,K562,0,0.3534919028340081
Hum_XLOC_000964,K562,0,0.7955465587044535
Hum_XLOC_000990,K562,0,0.15587044534412955
Hum_XLOC_000994,K562,0,0.7861842105263157
Hum_XLOC_001020,K562,0,0.82667004048583
Hum_XLOC_001029,K562,0,0.6275303643724697
Hum_XLOC_001066,K562,0,0.7722672064777327
Hum_XLOC_001120,K562,0,0.305414979757085
Hum_XLOC_001121,K562,0,0.8704453441295547
Hum_XLOC_001122,K562,0,0.9501518218623481
Hum_XLOC_001125,K562,0,0.3507085020242915
Hum_XLOC_001132,K562,0,0.5263157894736843
Hum_XLOC_001138,K562,0,0.3317307692307693
Hum_XLOC_001144,K562,0,0.6411943319838056
Hum_XLOC_001146,K562,0,0.5961538461538461
Hum_XLOC_001188,K562,0,0.8375506072874495
Hum_XLOC_001191,K562,0,0.7325404858299596
Hum_XLOC_001192,K562,0,0.7990890688259109
Hum_XLOC_001217,K562,0,0.36133603238866396
Hum_XLOC_001222,K562,0,0.24038461538461536
Hum_XLOC_001228,K562,0,0.3643724696356275
Hum_XLOC_001230,K562,0,0.6849696356275303
Hum_XLOC_001237,K562,0,0.3145242914979757
Hum_XLOC_001243,K562,0,0.895495951417004
Hum_XLOC_001275,K562,0,0.7535425101214575
Hum_XLOC_001279,K562,0,0.6075404858299596
Hum_XLOC_001291,K562,0,0.7591093117408907
Hum_XLOC_001296,K562,1,0.8924595141700404
Hum_XLOC_001297,K562,0,0.5
Hum_XLOC_001309,K562,0,0.2305161943319838
Hum_XLOC_001329,K562,0,0.8433704453441295
Hum_XLOC_001330,K562,0,0.44154858299595146
Hum_XLOC_001355,K562,0,0.14903846153846154
Hum_XLOC_001366,K562,0,0.7722672064777328
Hum_XLOC_001367,K562,0,0.6786437246963563
Hum_XLOC_001375,K562,0,0.6657388663967612
Hum_XLOC_001390,K562,0,0.07338056680161943
Hum_XLOC_001405,K562,0,0.16194331983805668
Hum_XLOC_001461,K562,0,0.8178137651821862
Hum_XLOC_001465,K562,0,0.6239878542510121
Hum_XLOC_001488,K562,0,0.7462044534412955
Hum_XLOC_001490,K562,1,0.4051113360323887
Hum_XLOC_001509,K562,0,0.39068825910931176
Hum_XLOC_001516,K562,0,0.5581983805668016
Hum_XLOC_001532,K562,0,0.256578947368421
Hum_XLOC_001539,K562,0,0.8927125506072875
Hum_XLOC_001541,K562,0,0.9076417004048583
Hum_XLOC_001542,K562,0,0.847419028340081
Hum_XLOC_001548,K562,0,0.6680161943319838
Hum_XLOC_001559,K562,0,0.4982287449392713
Hum_XLOC_001565,K562,1,0.9483805668016194
Hum_XLOC_001566,K562,0,0.9410425101214575
Hum_XLOC_001575,K562,0,0.597165991902834
Hum_XLOC_001580,K562,0,0.4640688259109311
Hum_XLOC_001590,K562,0,0.7596153846153846
Hum_XLOC_001615,K562,0,0.8324898785425101
Hum_XLOC_001624,K562,0,0.5032894736842105
Hum_XLOC_001639,K562,0,0.7854251012145749
Hum_XLOC_001661,K562,0,0.7257085020242915
Hum_XLOC_001666,K562,0,0.47469635627530365
Hum_XLOC_001668,K562,0,0.47115384615384615
Hum_XLOC_001688,K562,0,0.6098178137651822
Hum_XLOC_001689,K562,0,0.5867914979757085
Hum_XLOC_001695,K562,0,0.8228744939271255
Hum_XLOC_001696,K562,0,0.8519736842105263
Hum_XLOC_001698,K562,0,0.9319331983805668
Hum_XLOC_001707,K562,0,0.6017206477732793
Hum_XLOC_001760,K562,0,0.7105263157894737
Hum_XLOC_001761,K562,0,0.8620951417004048
Hum_XLOC_001773,K562,0,0.6219635627530364
Hum_XLOC_001775,K562,0,0.8567813765182186
Hum_XLOC_001779,K562,0,0.47444331983805665
Hum_XLOC_001783,K562,1,0.8378036437246963
Hum_XLOC_001791,K562,0,0.8534919028340081
Hum_XLOC_001805,K562,0,0.4625506072874494
Hum_XLOC_001809,K562,0,0.39903846153846156
Hum_XLOC_001848,K562,0,0.597165991902834
Hum_XLOC_001919,K562,0,0.7279858299595141
Hum_XLOC_001941,K562,0,0.673836032388664
Hum_XLOC_001942,K562,0,0.5172064777327936
Hum_XLOC_001949,K562,0,0.36336032388663964
Hum_XLOC_001950,K562,1,0.9526821862348178
Hum_XLOC_001953,K562,0,0.361082995951417
Hum_XLOC_001957,K562,0,0.444078947368421
Hum_XLOC_001961,K562,0,0.9003036437246964
Hum_XLOC_001969,K562,0,0.8350202429149798
Hum_XLOC_002024,K562,0,0.5
Hum_XLOC_002028,K562,0,0.35526315789473684
Hum_XLOC_002033,K562,1,0.9251012145748988
Hum_XLOC_002036,K562,0,0.5146761133603239
Hum_XLOC_002037,K562,0,0.7052125506072875
Hum_XLOC_002041,K562,0,0.28694331983805665
Hum_XLOC_002059,K562,0,0.8982793522267207
Hum_XLOC_002061,K562,0,0.26872469635627527
Hum_XLOC_002068,K562,0,0.2768218623481781
Hum_XLOC_002081,K562,0,0.9288967611336032
Hum_XLOC_002093,K562,0,0.4597672064777328
Hum_XLOC_002099,K562,0,0.9048582995951417
Hum_XLOC_002144,K562,0,0.3977732793522267
Hum_XLOC_002150,K562,0,0.6515688259109311
Hum_XLOC_002152,K562,0,0.917763157894737
Hum_XLOC_002154,K562,0,0.3689271255060729
Hum_XLOC_002169,K562,0,0.9536943319838056
Hum_XLOC_002170,K562,0,0.11740890688259109
Hum_XLOC_002176,K562,0,0.6819331983805668
Hum_XLOC_002178,K562,0,0.4213056680161943
Hum_XLOC_002186,K562,0,0.8866396761133604
Hum_XLOC_002204,K562,0,0.5802125506072875
Hum_XLOC_002205,K562,0,0.6065283400809717
Hum_XLOC_002219,K562,0,0.7459514170040487
Hum_XLOC_002244,K562,0,0.6077935222672065
Hum_XLOC_002252,K562,0,0.6546052631578947
Hum_XLOC_002261,K562,0,0.22039473684210528
Hum_XLOC_002262,K562,0,0.625759109311741
Hum_XLOC_002265,K562,0,0.875759109311741
Hum_XLOC_002271,K562,0,0.3884109311740891
Hum_XLOC_002280,K562,0,0.7505060728744939
Hum_XLOC_002282,K562,0,0.7682186234817814
Hum_XLOC_002283,K562,0,0.5442813765182186
Hum_XLOC_002284,K562,1,0.8633603238866396
Hum_XLOC_002294,K562,0,0.7479757085020243
Hum_XLOC_002296,K562,0,0.9693825910931174
Hum_XLOC_002299,K562,0,0.4896255060728745
Hum_XLOC_002301,K562,0,0.40334008097165996
Hum_XLOC_002306,K562,0,0.7383603238866396
Hum_XLOC_002311,K562,0,0.8324898785425101
Hum_XLOC_002313,K562,0,0.5771761133603239
Hum_XLOC_002314,K562,1,0.9352226720647774
Hum_XLOC_002327,K562,0,0.861082995951417
Hum_XLOC_002330,K562,0,0.9595141700404858
Hum_XLOC_002338,K562,0,0.7629048582995952
Hum_XLOC_002344,K562,0,0.14903846153846154
Hum_XLOC_002347,K562,0,0.7990890688259109
Hum_XLOC_002348,K562,0,0.4640688259109312
Hum_XLOC_002362,K562,0,0.3441295546558705
Hum_XLOC_002364,K562,0,0.8084514170040487
Hum_XLOC_002383,K562,0,0.2856781376518218
Hum_XLOC_002386,K562,0,0.757338056680162
Hum_XLOC_002390,K562,0,0.7004048582995951
Hum_XLOC_002394,K562,0,0.924342105263158
Hum_XLOC_002398,K562,0,0.37854251012145745
Hum_XLOC_002399,K562,0,0.3023785425101215
Hum_XLOC_002408,K562,0,0.7370951417004049
Hum_XLOC_002414,K562,0,0.750759109311741
Hum_XLOC_002418,K562,0,0.20141700404858298
Hum_XLOC_002435,K562,0,0.9402834008097166
Hum_XLOC_002440,K562,0,0.45192307692307687
Hum_XLOC_002489,K562,0,0.6141194331983806
Hum_XLOC_002490,K562,0,0.944078947368421
Hum_XLOC_002493,K562,0,0.7057186234817814
Hum_XLOC_002520,K562,0,0.8114878542510122
Hum_XLOC_002524,K562,0,0.4569838056680162
Hum_XLOC_002546,K562,0,0.5726214574898785
Hum_XLOC_002560,K562,0,0.30389676113360325
Hum_XLOC_002570,K562,0,0.3633603238866397
Hum_XLOC_002577,K562,0,0.6915485829959513
Hum_XLOC_002579,K562,0,0.8276821862348178
Hum_XLOC_002586,K562,0,0.22469635627530365
Hum_XLOC_002589,K562,1,0.8011133603238867
Hum_XLOC_002629,K562,0,0.6862348178137652
Hum_XLOC_002631,K562,0,0.7090080971659919
Hum_XLOC_002635,K562,0,0.3724696356275303
Hum_XLOC_002644,K562,0,0.548582995951417
Hum_XLOC_002646,K562,0,0.4015688259109311
Hum_XLOC_002653,K562,0,0.9812753036437247
Hum_XLOC_002681,K562,0,0.6217105263157895
Hum_XLOC_002695,K562,0,0.4640688259109311
Hum_XLOC_002702,K562,0,0.28213562753036436
Hum_XLOC_002705,K562,1,0.9453441295546559
Hum_XLOC_002711,K562,0,0.5068319838056681
Hum_XLOC_002714,K562,0,0.7191295546558705
Hum_XLOC_002717,K562,0,0.36184210526315785
Hum_XLOC_002725,K562,0,0.17965587044534415
Hum_XLOC_002741,K562,0,0.9762145748987854
Hum_XLOC_002742,K562,0,0.749746963562753
Hum_XLOC_002744,K562,0,0.16396761133603238
Hum_XLOC_002760,K562,0,0.14347165991902833
Hum_XLOC_002788,K562,0,0.9015688259109311
Hum_XLOC_002792,K562,0,0.7586032388663968
Hum_XLOC_002796,K562,0,0.9898785425101215
Hum_XLOC_002817,K562,0,0.4526821862348178
Hum_XLOC_002836,K562,0,0.9949392712550607
Hum_XLOC_002844,K562,0,0.8307186234817814
Hum_XLOC_002845,K562,0,0.4881072874493927
Hum_XLOC_002859,K562,0,0.7365890688259109
Hum_XLOC_002889,K562,0,0.9749493927125505
Hum_XLOC_002911,K562,0,0.9524291497975709
Hum_XLOC_002935,K562,0,0.9147267206477733
Hum_XLOC_002937,K562,0,0.5134109311740891
Hum_XLOC_002967,K562,0,0.26163967611336036
Hum_XLOC_002983,K562,0,0.5273279352226721
Hum_XLOC_002986,K562,0,0.5943825910931174
Hum_XLOC_002990,K562,0,0.5503542510121457
Hum_XLOC_003039,K562,0,0.9314271255060729
Hum_XLOC_003061,K562,1,0.8162955465587045
Hum_XLOC_003086,K562,0,0.8770242914979758
Hum_XLOC_003099,K562,0,0.29883603238866396
Hum_XLOC_003109,K562,0,0.7072368421052632
Hum_XLOC_003128,K562,0,0.8666497975708503
Hum_XLOC_003134,K562,1,0.9347165991902834
Hum_XLOC_003137,K562,0,0.44863360323886636
Hum_XLOC_003154,K562,0,0.43395748987854255
Hum_XLOC_003155,K562,0,0.5713562753036437
Hum_XLOC_003171,K562,0,0.6500506072874495
Hum_XLOC_003209,K562,0,0.4683704453441295
Hum_XLOC_003215,K562,0,0.7074898785425101
Hum_XLOC_003221,K562,0,0.7679655870445344
Hum_XLOC_003232,K562,0,0.5845141700404859
Hum_XLOC_003268,K562,0,0.3309716599190283
Hum_XLOC_003269,K562,1,0.6788967611336032
Hum_XLOC_003286,K562,0,0.9119433198380567
Hum_XLOC_003290,K562,0,0.22672064777327935
Hum_XLOC_003294,K562,0,0.291497975708502
Hum_XLOC_003321,K562,0,0.8782894736842106
Hum_XLOC_003324,K562,0,0.7623987854251012
Hum_XLOC_003334,K562,0,0.6417004048582996
Hum_XLOC_003337,K562,0,0.7651821862348178
Hum_XLOC_003338,K562,0,0.3524797570850202
Hum_XLOC_003352,K562,0,0.8709514170040487
Hum_XLOC_003357,K562,0,0.971912955465587
Hum_XLOC_003361,K562,0,0.9476214574898785
Hum_XLOC_003371,K562,0,0.21153846153846154
Hum_XLOC_003381,K562,0,0.6373987854251012
Hum_XLOC_003408,K562,0,0.1492914979757085
Hum_XLOC_003436,K562,0,0.34564777327935226
Hum_XLOC_003440,K562,0,0.5546558704453441
Hum_XLOC_003450,K562,1,0.8911943319838057
Hum_XLOC_003466,K562,0,0.29276315789473684
Hum_XLOC_003488,K562,0,0.5652834008097166
Hum_XLOC_003491,K562,0,0.4144736842105263
Hum_XLOC_003497,K562,0,0.34058704453441296
Hum_XLOC_003498,K562,0,0.6295546558704453
Hum_XLOC_003502,K562,0,0.9410425101214575
Hum_XLOC_003518,K562,0,0.3517206477732794
Hum_XLOC_003532,K562,0,0.7383603238866396
Hum_XLOC_003543,K562,0,0.3560222672064777
Hum_XLOC_003554,K562,0,0.4342105263157895
Hum_XLOC_003563,K562,0,0.618421052631579
Hum_XLOC_003567,K562,0,0.659665991902834
Hum_XLOC_003568,K562,0,0.40814777327935226
Hum_XLOC_003570,K562,0,0.6475202429149798
Hum_XLOC_003571,K562,0,0.7793522267206479
Hum_XLOC_003593,K562,0,0.3772773279352227
Hum_XLOC_003594,K562,0,0.3980263157894737
Hum_XLOC_003598,K562,0,0.3479251012145749
Hum_XLOC_003626,K562,0,0.3016194331983806
Hum_XLOC_003628,K562,0,0.8390688259109311
Hum_XLOC_003630,K562,0,0.472419028340081
Hum_XLOC_003641,K562,1,0.5490890688259109
Hum_XLOC_003662,K562,0,0.8643724696356275
Hum_XLOC_003665,K562,1,0.9139676113360324
Hum_XLOC_003672,K562,0,0.7626518218623481
Hum_XLOC_003673,K562,0,0.6368927125506073
Hum_XLOC_003674,K562,0,0.9552125506072875
Hum_XLOC_003676,K562,0,0.8608299595141701
Hum_XLOC_003686,K562,0,0.44964574898785425
Hum_XLOC_003697,K562,0,0.3026315789473684
Hum_XLOC_003717,K562,0,0.2381072874493927
Hum_XLOC_003725,K562,0,0.8970141700404859
Hum_XLOC_003743,K562,0,0.6632085020242915
Hum_XLOC_003754,K562,0,0.9003036437246963
Hum_XLOC_003766,K562,0,0.4504048582995951
Hum_XLOC_003775,K562,0,0.13866396761133604
Hum_XLOC_003790,K562,0,0.5404858299595142
Hum_XLOC_003799,K562,0,0.8031376518218623
Hum_XLOC_003853,K562,0,0.12930161943319837
Hum_XLOC_003865,K562,0,0.6148785425101215
Hum_XLOC_003871,K562,0,0.6070344129554657
Hum_XLOC_003891,K562,0,0.30035425101214575
Hum_XLOC_003892,K562,1,0.9046052631578947
Hum_XLOC_003910,K562,0,0.3266700404858299
Hum_XLOC_003911,K562,0,0.35804655870445345
Hum_XLOC_003952,K562,0,0.5083502024291499
Hum_XLOC_003971,K562,0,0.7623987854251012
Hum_XLOC_003988,K562,1,0.972165991902834
Hum_XLOC_004020,K562,0,0.5716093117408907
Hum_XLOC_004035,K562,0,0.6265182186234818
Hum_XLOC_004036,K562,0,0.9635627530364372
Hum_XLOC_004048,K562,0,0.3830971659919028
Hum_XLOC_004068,K562,0,0.6804149797570851
Hum_XLOC_004069,K562,0,0.2727732793522267
Hum_XLOC_004095,K562,0,0.39245951417004044
Hum_XLOC_004096,K562,0,0.7851720647773279
Hum_XLOC_004116,K562,0,0.8899291497975709
Hum_XLOC_004123,K562,0,0.5103744939271255
Hum_XLOC_004134,K562,0,0.9969635627530364
Hum_XLOC_004161,K562,0,0.8507085020242915
Hum_XLOC_004168,K562,0,0.6776315789473684
Hum_XLOC_004169,K562,0,0.7335526315789473
Hum_XLOC_004177,K562,0,0.8504554655870445
Hum_XLOC_004200,K562,0,0.6424595141700404
Hum_XLOC_004201,K562,0,0.6829453441295547
Hum_XLOC_004219,K562,0,0.2831477732793522
Hum_XLOC_004226,K562,0,0.7927631578947368
Hum_XLOC_004227,K562,0,0.9825404858299596
Hum_XLOC_004236,K562,0,0.8851214574898785
Hum_XLOC_004254,K562,1,0.9987348178137652
Hum_XLOC_004255,K562,0,0.5822368421052632
Hum_XLOC_004262,K562,0,0.916751012145749
Hum_XLOC_004269,K562,0,0.27834008097165996
Hum_XLOC_004277,K562,0,0.15258097165991902
Hum_XLOC_004278,K562,0,0.5503542510121457
Hum_XLOC_004282,K562,0,0.8061740890688258
Hum_XLOC_004287,K562,0,0.7335526315789473
Hum_XLOC_004293,K562,0,0.33274291497975705
Hum_XLOC_004302,K562,0,0.5389676113360324
Hum_XLOC_004303,K562,0,0.1910425101214575
Hum_XLOC_004306,K562,0,0.49797570850202433
Hum_XLOC_004309,K562,0,0.8580465587044535
Hum_XLOC_004314,K562,0,0.8744939271255061
Hum_XLOC_004317,K562,0,0.590587044534413
Hum_XLOC_004336,K562,0,0.9375
Hum_XLOC_004343,K562,0,0.38917004048583
Hum_XLOC_004350,K562,0,0.9696356275303644
Hum_XLOC_004361,K562,0,0.5738866396761133
Hum_XLOC_004363,K562,0,0.6287955465587045
Hum_XLOC_004401,K562,0,0.604251012145749
Hum_XLOC_004405,K562,0,0.9655870445344129
Hum_XLOC_004407,K562,0,0.16928137651821862
Hum_XLOC_004424,K562,0,0.26796558704453444
Hum_XLOC_004437,K562,0,0.9185222672064777
Hum_XLOC_004446,K562,0,0.8628542510121457
Hum_XLOC_004457,K562,0,0.8836032388663968
Hum_XLOC_004482,K562,0,0.3451417004048583
Hum_XLOC_004502,K562,0,0.4159919028340081
Hum_XLOC_004515,K562,0,0.964574898785425
Hum_XLOC_004529,K562,0,0.792257085020243
Hum_XLOC_004535,K562,0,0.6368927125506073
Hum_XLOC_004553,K562,0,0.3410931174089069
Hum_XLOC_004566,K562,0,0.5232793522267206
Hum_XLOC_004567,K562,0,0.777074898785425
Hum_XLOC_004572,K562,0,0.7623987854251012
Hum_XLOC_004578,K562,0,0.8514676113360324
Hum_XLOC_004580,K562,0,0.8309716599190283
Hum_XLOC_004581,K562,0,0.861336032388664
Hum_XLOC_004587,K562,0,0.35273279352226716
Hum_XLOC_004600,K562,0,0.8985323886639676
Hum_XLOC_004601,K562,0,0.7206477732793523
Hum_XLOC_004607,K562,0,0.5554149797570851
Hum_XLOC_004617,K562,0,0.1907894736842105
Hum_XLOC_004619,K562,0,0.6695344129554656
Hum_XLOC_004620,K562,1,0.736336032388664
Hum_XLOC_004632,K562,0,0.9630566801619433
Hum_XLOC_004636,K562,0,0.4106781376518219
Hum_XLOC_004652,K562,0,0.9671052631578947
Hum_XLOC_004653,K562,0,0.6983805668016194
Hum_XLOC_004657,K562,0,0.9820344129554657
Hum_XLOC_004661,K562,0,0.7527834008097166
Hum_XLOC_004683,K562,0,0.44129554655870445
Hum_XLOC_004684,K562,0,0.45521255060728744
Hum_XLOC_004688,K562,0,0.451417004048583
Hum_XLOC_004689,K562,0,0.6864878542510121
Hum_XLOC_004705,K562,0,0.2598684210526316
Hum_XLOC_004717,K562,0,0.9152327935222673
Hum_XLOC_004718,K562,0,0.26644736842105265
Hum_XLOC_004733,K562,0,0.5736336032388664
Hum_XLOC_004741,K562,0,0.2300101214574899
Hum_XLOC_004762,K562,0,0.9878542510121457
Hum_XLOC_004771,K562,0,0.8603238866396761
Hum_XLOC_004777,K562,0,0.9633097165991903
Hum_XLOC_004788,K562,0,0.6723178137651822
Hum_XLOC_004791,K562,0,0.972165991902834
Hum_XLOC_004795,K562,0,0.5794534412955465
Hum_XLOC_004803,K562,0,0.35804655870445345
Hum_XLOC_004805,K562,0,0.42611336032388664
Hum_XLOC_004813,K562,0,0.6222165991902834
Hum_XLOC_004815,K562,1,0.9473684210526316
Hum_XLOC_004822,K562,0,0.7856781376518218
Hum_XLOC_004823,K562,0,0.8798076923076923
Hum_XLOC_004827,K562,0,0.8512145748987854
Hum_XLOC_004837,K562,1,0.9850708502024291
Hum_XLOC_004839,K562,0,0.21381578947368418
Hum_XLOC_004855,K562,0,0.8653846153846154
Hum_XLOC_004874,K562,0,0.12879554655870445
Hum_XLOC_004875,K562,0,0.9278846153846154
Hum_XLOC_004878,K562,0,0.8550101214574899
Hum_XLOC_004884,K562,0,0.7770748987854251
Hum_XLOC_004911,K562,0,0.4152327935222672
Hum_XLOC_004915,K562,0,0.6540991902834008
Hum_XLOC_004927,K562,0,0.9109311740890689
Hum_XLOC_004929,K562,0,0.792004048582996
Hum_XLOC_004936,K562,0,0.8669028340080972
Hum_XLOC_004957,K562,0,0.42864372469635625
Hum_XLOC_004960,K562,0,0.6019736842105263
Hum_XLOC_004965,K562,0,0.22115384615384615
Hum_XLOC_000006,MDA-MB-231,0,0.7667004048582996
Hum_XLOC_000008,MDA-MB-231,0,0.03365384615384615
Hum_XLOC_000016,MDA-MB-231,0,0.798582995951417
Hum_XLOC_000030,MDA-MB-231,0,0.2300101214574899
Hum_XLOC_000033,MDA-MB-231,0,0.6199392712550607
Hum_XLOC_000039,MDA-MB-231,0,0.9612854251012146
Hum_XLOC_000053,MDA-MB-231,0,0.050101214574898786
Hum_XLOC_000057,MDA-MB-231,0,0.35956477732793524
Hum_XLOC_000060,MDA-MB-231,0,0.6287955465587045
Hum_XLOC_000080,MDA-MB-231,0,0.09919028340080971
Hum_XLOC_000094,MDA-MB-231,0,0.22646761133603238
Hum_XLOC_000100,MDA-MB-231,0,0.9445850202429149
Hum_XLOC_000105,MDA-MB-231,0,0.4665991902834008
Hum_XLOC_000107,MDA-MB-231,0,0.11057692307692309
Hum_XLOC_000111,MDA-MB-231,0,0.2785931174089069
Hum_XLOC_000134,MDA-MB-231,0,0.2866902834008097
Hum_XLOC_000143,MDA-MB-231,0,0.3911943319838057
Hum_XLOC_000145,MDA-MB-231,1,0.8828441295546559
Hum_XLOC_000149,MDA-MB-231,0,0.43775303643724695
Hum_XLOC_000155,MDA-MB-231,0,0.5953947368421053
Hum_XLOC_000169,MDA-MB-231,0,0.7122975708502024
Hum_XLOC_000170,MDA-MB-231,0,0.17940283400809717
Hum_XLOC_000194,MDA-MB-231,0,0.9962044534412955
Hum_XLOC_000201,MDA-MB-231,0,0.5217611336032388
Hum_XLOC_000231,MDA-MB-231,0,0.2687246963562753
Hum_XLOC_000233,MDA-MB-231,0,0.784665991902834
Hum_XLOC_000245,MDA-MB-231,0,0.4223178137651822
Hum_XLOC_000247,MDA-MB-231,0,0.2692307692307693
Hum_XLOC_000248,MDA-MB-231,0,0.6695344129554657
Hum_XLOC_000265,MDA-MB-231,0,0.22950404858299595
Hum_XLOC_000282,MDA-MB-231,0,0.23152834008097167
Hum_XLOC_000286,MDA-MB-231,0,0.2416497975708502
Hum_XLOC_000292,MDA-MB-231,0,0.02277327935222672
Hum_XLOC_000307,MDA-MB-231,0,0.09665991902834009
Hum_XLOC_000308,MDA-MB-231,0,0.2416497975708502
Hum_XLOC_000312,MDA-MB-231,0,0.5075910931174089
Hum_XLOC_000314,MDA-MB-231,0,0.016194331983805668
Hum_XLOC_000317,MDA-MB-231,0,0.23076923076923078
Hum_XLOC_000319,MDA-MB-231,0,0.9428137651821862
Hum_XLOC_000332,MDA-MB-231,0,0.23228744939271256
Hum_XLOC_000338,MDA-MB-231,1,0.777834008097166
Hum_XLOC_000342,MDA-MB-231,0,0.41295546558704455
Hum_XLOC_000345,MDA-MB-231,0,0.050101214574898786
Hum_XLOC_000362,MDA-MB-231,0,0.4767206477732794
Hum_XLOC_000377,MDA-MB-231,0,0.12221659919028341
Hum_XLOC_000390,MDA-MB-231,0,0.05086032388663968
Hum_XLOC_000394,MDA-MB-231,0,0.06958502024291498
Hum_XLOC_000411,MDA-MB-231,0,0.9101720647773279
Hum_XLOC_000415,MDA-MB-231,0,0.6581477732793523
Hum_XLOC_000430,MDA-MB-231,0,0.478997975708502
Hum_XLOC_000436,MDA-MB-231,0,0.7173582995951417
Hum_XLOC_000437,MDA-MB-231,0,0.5050607287449392
Hum_XLOC_000456,MDA-MB-231,1,0.9964574898785425
Hum_XLOC_000461,MDA-MB-231,0,0.7603744939271255
Hum_XLOC_000462,MDA-MB-231,0,0.18800607287449395
Hum_XLOC_000465,MDA-MB-231,0,0.6282894736842105
Hum_XLOC_000472,MDA-MB-231,0,0.6113360323886641
Hum_XLOC_000474,MDA-MB-231,0,0.13360323886639675
Hum_XLOC_000478,MDA-MB-231,0,0.9959514170040485
Hum_XLOC_000486,MDA-MB-231,0,0.3352732793522267
Hum_XLOC_000490,MDA-MB-231,0,0.025809716599190284
Hum_XLOC_000498,MDA-MB-231,0,0.20774291497975708
Hum_XLOC_000500,MDA-MB-231,0,0.15713562753036436
Hum_XLOC_000510,MDA-MB-231,0,0.6401821862348178
Hum_XLOC_000535,MDA-MB-231,0,0.4056174089068826
Hum_XLOC_000540,MDA-MB-231,0,0.33122469635627527
Hum_XLOC_000556,MDA-MB-231,0,0.01138663967611336
Hum_XLOC_000574,MDA-MB-231,0,0.017459514170040484
Hum_XLOC_000575,MDA-MB-231,0,0.5888157894736842
Hum_XLOC_000582,MDA-MB-231,0,0.04149797570850203
Hum_XLOC_000590,MDA-MB-231,0,0.4569838056680162
Hum_XLOC_000601,MDA-MB-231,0,0.02758097165991903
Hum_XLOC_000604,MDA-MB-231,0,0.6566295546558705
Hum_XLOC_000608,MDA-MB-231,0,0.34665991902834004
Hum_XLOC_000612,MDA-MB-231,0,0.3084514170040486
Hum_XLOC_000636,MDA-MB-231,0,0.5597165991902834
Hum_XLOC_000638,MDA-MB-231,0,0.6880060728744939
Hum_XLOC_000641,MDA-MB-231,0,0.012651821862348178
Hum_XLOC_000655,MDA-MB-231,0,0.896002024291498
Hum_XLOC_000668,MDA-MB-231,0,0.018724696356275307
Hum_XLOC_000680,MDA-MB-231,0,0.3324898785425101
Hum_XLOC_000681,MDA-MB-231,0,0.749240890688259
Hum_XLOC_000695,MDA-MB-231,0,0.057692307692307696
Hum_XLOC_000702,MDA-MB-231,0,0.2464574898785425
Hum_XLOC_000726,MDA-MB-231,0,0.33046558704453444
Hum_XLOC_000727,MDA-MB-231,0,0.0895748987854251
Hum_XLOC_000758,MDA-MB-231,0,0.7381072874493928
Hum_XLOC_000773,MDA-MB-231,0,0.5121457489878543
Hum_XLOC_000774,MDA-MB-231,0,0.5870445344129555
Hum_XLOC_000797,MDA-MB-231,0,0.026568825910931175
Hum_XLOC_000799,MDA-MB-231,0,0.6543522267206477
Hum_XLOC_000800,MDA-MB-231,0,0.21862348178137653
Hum_XLOC_000807,MDA-MB-231,0,0.7320344129554656
Hum_XLOC_000818,MDA-MB-231,0,0.9220647773279352
Hum_XLOC_000828,MDA-MB-231,0,0.3633603238866397
Hum_XLOC_000831,MDA-MB-231,0,0.3081983805668016
Hum_XLOC_000835,MDA-MB-231,0,0.7444331983805668
Hum_XLOC_000840,MDA-MB-231,0,0.45445344129554655
Hum_XLOC_000841,MDA-MB-231,0,0.3760121457489879
Hum_XLOC_000842,MDA-MB-231,0,0.2049595141700405
Hum_XLOC_000854,MDA-MB-231,0,0.6151315789473684
Hum_XLOC_000855,MDA-MB-231,0,0.040991902834008095
Hum_XLOC_000883,MDA-MB-231,0,0.3917004048582996
Hum_XLOC_000885,MDA-MB-231,0,0.23709514170040485
Hum_XLOC_000905,MDA-MB-231,0,0.5986842105263157
Hum_XLOC_000917,MDA-MB-231,0,0.04402834008097166
Hum_XLOC_000925,MDA-MB-231,0,0.534919028340081
Hum_XLOC_000944,MDA-MB-231,0,0.5602226720647773
Hum_XLOC_000949,MDA-MB-231,0,0.08805668016194332
Hum_XLOC_000953,MDA-MB-231,0,0.01695344129554656
Hum_XLOC_000964,MDA-MB-231,0,0.7983299595141701
Hum_XLOC_000990,MDA-MB-231,0,0.1925607287449393
Hum_XLOC_000994,MDA-MB-231,0,0.8441295546558705
Hum_XLOC_001020,MDA-MB-231,0,0.8208502024291497
Hum_XLOC_001029,MDA-MB-231,0,0.23431174089068826
Hum_XLOC_001066,MDA-MB-231,1,0.5414979757085021
Hum_XLOC_001120,MDA-MB-231,0,0.111082995951417
Hum_XLOC_001121,MDA-MB-231,0,0.6295546558704453
Hum_XLOC_001122,MDA-MB-231,0,0.4772267206477733
Hum_XLOC_001125,MDA-MB-231,0,0.057186234817813764
Hum_XLOC_001132,MDA-MB-231,0,0.25531376518218624
Hum_XLOC_001138,MDA-MB-231,0,0.854504048582996
Hum_XLOC_001144,MDA-MB-231,0,0.023785425101214574
Hum_XLOC_001146,MDA-MB-231,0,0.7122975708502024
Hum_XLOC_001188,MDA-MB-231,0,0.7183704453441295
Hum_XLOC_001191,MDA-MB-231,0,0.07717611336032389
Hum_XLOC_001192,MDA-MB-231,0,0.5845141700404859
Hum_XLOC_001217,MDA-MB-231,0,0.05465587044534413
Hum_XLOC_001222,MDA-MB-231,0,0.03441295546558705
Hum_XLOC_001228,MDA-MB-231,0,0.10222672064777327
Hum_XLOC_001230,MDA-MB-231,0,0.6950910931174089
Hum_XLOC_001237,MDA-MB-231,0,0.29605263157894735
Hum_XLOC_001243,MDA-MB-231,0,0.6629554655870445
Hum_XLOC_001275,MDA-MB-231,0,0.08653846153846154
Hum_XLOC_001279,MDA-MB-231,0,0.06831983805668015
Hum_XLOC_001291,MDA-MB-231,0,0.8512145748987854
Hum_XLOC_001296,MDA-MB-231,0,0.3982793522267206
Hum_XLOC_001297,MDA-MB-231,0,0.4498987854251012
Hum_XLOC_001309,MDA-MB-231,0,0.04478744939271255
Hum_XLOC_001329,MDA-MB-231,0,0.597925101214575
Hum_XLOC_001330,MDA-MB-231,0,0.7472165991902834
Hum_XLOC_001355,MDA-MB-231,0,0.004048582995951417
Hum_XLOC_001366,MDA-MB-231,0,0.4392712550607287
Hum_XLOC_001367,MDA-MB-231,0,0.5490890688259109
Hum_XLOC_001375,MDA-MB-231,0,0.6361336032388665
Hum_XLOC_001390,MDA-MB-231,0,0.006325910931174089
Hum_XLOC_001405,MDA-MB-231,0,0.019736842105263157
Hum_XLOC_001461,MDA-MB-231,0,0.0625
Hum_XLOC_001465,MDA-MB-231,0,0.479251012145749
Hum_XLOC_001488,MDA-MB-231,0,0.08603238866396762
Hum_XLOC_001490,MDA-MB-231,0,0.2834008097165992
Hum_XLOC_001509,MDA-MB-231,0,0.16017206477732793
Hum_XLOC_001516,MDA-MB-231,0,0.7717611336032388
Hum_XLOC_001532,MDA-MB-231,0,0.18016194331983804
Hum_XLOC_001539,MDA-MB-231,0,0.20571862348178138
Hum_XLOC_001541,MDA-MB-231,0,0.3917004048582996
Hum_XLOC_001542,MDA-MB-231,0,0.6002024291497976
Hum_XLOC_001548,MDA-MB-231,0,0.5549089068825911
Hum_XLOC_001559,MDA-MB-231,0,0.7057186234817814
Hum_XLOC_001565,MDA-MB-231,0,0.3026315789473684
Hum_XLOC_001566,MDA-MB-231,0,0.59665991902834
Hum_XLOC_001575,MDA-MB-231,0,0.030111336032388664
Hum_XLOC_001580,MDA-MB-231,0,0.00430161943319838
Hum_XLOC_001590,MDA-MB-231,0,0.26619433198380565
Hum_XLOC_001615,MDA-MB-231,0,0.8810728744939271
Hum_XLOC_001624,MDA-MB-231,0,0.2608805668016194
Hum_XLOC_001639,MDA-MB-231,0,0.8317307692307693
Hum_XLOC_001661,MDA-MB-231,0,0.3666497975708502
Hum_XLOC_001666,MDA-MB-231,0,0.2634109311740891
Hum_XLOC_001668,MDA-MB-231,0,0.9200404858299596
Hum_XLOC_001688,MDA-MB-231,0,0.051872469635627534
Hum_XLOC_001689,MDA-MB-231,0,0.13107287449392713
Hum_XLOC_001695,MDA-MB-231,0,0.4084008097165992
Hum_XLOC_001696,MDA-MB-231,0,0.6014676113360324
Hum_XLOC_001698,MDA-MB-231,0,0.7193825910931174
Hum_XLOC_001707,MDA-MB-231,0,0.9142206477732793
Hum_XLOC_001760,MDA-MB-231,0,0.29377530364372473
Hum_XLOC_001761,MDA-MB-231,1,0.9061234817813765
Hum_XLOC_001773,MDA-MB-231,0,0.007085020242914979
Hum_XLOC_001775,MDA-MB-231,0,0.03770242914979757
Hum_XLOC_001779,MDA-MB-231,1,0.707236842105263
Hum_XLOC_001783,MDA-MB-231,0,0.45470647773279355
Hum_XLOC_001791,MDA-MB-231,1,0.9838056680161943
Hum_XLOC_001805,MDA-MB-231,0,0.029352226720647773
Hum_XLOC_001809,MDA-MB-231,0,0.15156882591093118
Hum_XLOC_001848,MDA-MB-231,0,0.39954453441295545
Hum_XLOC_001919,MDA-MB-231,0,0.9152327935222672
Hum_XLOC_001941,MDA-MB-231,0,0.805921052631579
Hum_XLOC_001942,MDA-MB-231,0,0.5738866396761133
Hum_XLOC_001949,MDA-MB-231,0,0.04529352226720648
Hum_XLOC_001950,MDA-MB-231,0,0.875
Hum_XLOC_001953,MDA-MB-231,0,0.23987854251012147
Hum_XLOC_001957,MDA-MB-231,0,0.13486842105263158
Hum_XLOC_001961,MDA-MB-231,0,0.7940283400809717
Hum_XLOC_001969,MDA-MB-231,0,0.9534412955465588
Hum_XLOC_002024,MDA-MB-231,0,0.15612348178137653
Hum_XLOC_002028,MDA-MB-231,0,0.0020242914979757085
Hum_XLOC_002033,MDA-MB-231,0,0.21735829959514172
Hum_XLOC_002036,MDA-MB-231,0,0.3550101214574899
Hum_XLOC_002037,MDA-MB-231,0,0.7854251012145749
Hum_XLOC_002041,MDA-MB-231,0,0.09691295546558704
Hum_XLOC_002059,MDA-MB-231,0,0.8279352226720648
Hum_XLOC_002061,MDA-MB-231,0,0.1533400809716599
Hum_XLOC_002068,MDA-MB-231,0,0.027327935222672066
Hum_XLOC_002081,MDA-MB-231,0,0.9195344129554656
Hum_XLOC_002093,MDA-MB-231,0,0.35323886639676116
Hum_XLOC_002099,MDA-MB-231,0,0.2312753036437247
Hum_XLOC_002144,MDA-MB-231,0,0.6088056680161944
Hum_XLOC_002150,MDA-MB-231,0,0.1895242914979757
Hum_XLOC_002152,MDA-MB-231,0,0.638157894736842
Hum_XLOC_002154,MDA-MB-231,0,0.1465080971659919
Hum_XLOC_002169,MDA-MB-231,0,0.4772267206477733
Hum_XLOC_002170,MDA-MB-231,0,0.025050607287449393
Hum_XLOC_002176,MDA-MB-231,0,0.3393218623481781
Hum_XLOC_002178,MDA-MB-231,0,0.03213562753036437
Hum_XLOC_002186,MDA-MB-231,0,0.4433198380566802
Hum_XLOC_002204,MDA-MB-231,0,0.45445344129554655
Hum_XLOC_002205,MDA-MB-231,0,0.583248987854251
Hum_XLOC_002219,MDA-MB-231,0,0.8243927125506073
Hum_XLOC_002244,MDA-MB-231,0,0.18876518218623484
Hum_XLOC_002252,MDA-MB-231,0,0.04655870445344129
Hum_XLOC_002261,MDA-MB-231,0,0.3061740890688259
Hum_XLOC_002262,MDA-MB-231,0,0.5599696356275303
Hum_XLOC_002265,MDA-MB-231,0,0.8491902834008097
Hum_XLOC_002271,MDA-MB-231,0,0.10652834008097166
Hum_XLOC_002280,MDA-MB-231,0,0.12753036437246962
Hum_XLOC_002282,MDA-MB-231,0,0.4615384615384615
Hum_XLOC_002283,MDA-MB-231,0,0.37626518218623484
Hum_XLOC_002284,MDA-MB-231,0,0.03213562753036437
Hum_XLOC_002294,MDA-MB-231,0,0.3899291497975709
Hum_XLOC_002296,MDA-MB-231,0,0.5096153846153846
Hum_XLOC_002299,MDA-MB-231,0,0.038461538461538464
Hum_XLOC_002301,MDA-MB-231,0,0.08071862348178138
Hum_XLOC_002306,MDA-MB-231,0,0.2877024291497976
Hum_XLOC_002311,MDA-MB-231,1,0.5425101214574899
Hum_XLOC_002313,MDA-MB-231,0,0.1449898785425101
Hum_XLOC_002314,MDA-MB-231,0,0.8502024291497976
Hum_XLOC_002327,MDA-MB-231,0,0.17535425101214575
Hum_XLOC_002330,MDA-MB-231,0,0.3142712550607287
Hum_XLOC_002338,MDA-MB-231,0,0.045040485829959516
Hum_XLOC_002344,MDA-MB-231,0,0.0010121457489878543
Hum_XLOC_002347,MDA-MB-231,0,0.5422570850202428
Hum_XLOC_002348,MDA-MB-231,0,0.18370445344129555
Hum_XLOC_002362,MDA-MB-231,0,0.006578947368421052
Hum_XLOC_002364,MDA-MB-231,0,0.729251012145749
Hum_XLOC_002383,MDA-MB-231,0,0.014676113360323886
Hum_XLOC_002386,MDA-MB-231,0,0.5275809716599191
Hum_XLOC_002390,MDA-MB-231,0,0.8360323886639676
Hum_XLOC_002394,MDA-MB-231,0,0.9418016194331984
Hum_XLOC_002398,MDA-MB-231,0,0.22596153846153846
Hum_XLOC_002399,MDA-MB-231,0,0.05996963562753037
Hum_XLOC_002408,MDA-MB-231,0,0.9000506072874493
Hum_XLOC_002414,MDA-MB-231,0,0.5751518218623481
Hum_XLOC_002418,MDA-MB-231,0,0.0037955465587044533
Hum_XLOC_002435,MDA-MB-231,0,0.8765182186234818
Hum_XLOC_002440,MDA-MB-231,0,0.16270242914979755
Hum_XLOC_002489,MDA-MB-231,0,0.14448380566801622
Hum_XLOC_002490,MDA-MB-231,0,0.416497975708502
Hum_XLOC_002493,MDA-MB-231,0,0.8079453441295547
Hum_XLOC_002520,MDA-MB-231,0,0.9686234817813766
Hum_XLOC_002524,MDA-MB-231,0,0.01847165991902834
Hum_XLOC_002546,MDA-MB-231,0,0.18977732793522267
Hum_XLOC_002560,MDA-MB-231,0,0.1907894736842105
Hum_XLOC_002570,MDA-MB-231,0,0.2548076923076923
Hum_XLOC_002577,MDA-MB-231,0,0.37373481781376516
Hum_XLOC_002579,MDA-MB-231,1,0.9471153846153846
Hum_XLOC_002586,MDA-MB-231,0,0.026568825910931175
Hum_XLOC_002589,MDA-MB-231,0,0.3653846153846154
Hum_XLOC_002629,MDA-MB-231,0,0.7067307692307692
Hum_XLOC_002631,MDA-MB-231,0,0.20192307692307693
Hum_XLOC_002635,MDA-MB-231,0,0.15106275303643724
Hum_XLOC_002644,MDA-MB-231,0,0.050101214574898786
Hum_XLOC_002646,MDA-MB-231,0,0.5536437246963563
Hum_XLOC_002653,MDA-MB-231,0,0.8772773279352226
Hum_XLOC_002681,MDA-MB-231,0,0.07211538461538462
Hum_XLOC_002695,MDA-MB-231,0,0.39625506072874495
Hum_XLOC_002702,MDA-MB-231,0,0.011892712550607287
Hum_XLOC_002705,MDA-MB-231,0,0.1715587044534413
Hum_XLOC_002711,MDA-MB-231,0,0.0465587044534413
Hum_XLOC_002714,MDA-MB-231,0,0.29453441295546556
Hum_XLOC_002717,MDA-MB-231,0,0.2649291497975709
Hum_XLOC_002725,MDA-MB-231,0,0.013663967611336033
Hum_XLOC_002741,MDA-MB-231,0,0.9683704453441295
Hum_XLOC_002742,MDA-MB-231,0,0.6783906882591093
Hum_XLOC_002744,MDA-MB-231,0,0.011133603238866396
Hum_XLOC_002760,MDA-MB-231,0,0.07995951417004049
Hum_XLOC_002788,MDA-MB-231,0,0.19357287449392713
Hum_XLOC_002792,MDA-MB-231,0,0.8987854251012146
Hum_XLOC_002796,MDA-MB-231,0,0.6201923076923077
Hum_XLOC_002817,MDA-MB-231,0,0.4397773279352227
Hum_XLOC_002836,MDA-MB-231,1,0.9855769230769231
Hum_XLOC_002844,MDA-MB-231,0,0.4385121457489879
Hum_XLOC_002845,MDA-MB-231,0,0.5078441295546559
Hum_XLOC_002859,MDA-MB-231,0,0.2525303643724697
Hum_XLOC_002889,MDA-MB-231,1,0.9845647773279352
Hum_XLOC_002911,MDA-MB-231,0,0.5531376518218623
Hum_XLOC_002935,MDA-MB-231,0,0.8155364372469636
Hum_XLOC_002937,MDA-MB-231,0,0.14524291497975708
Hum_XLOC_002967,MDA-MB-231,0,0.23026315789473684
Hum_XLOC_002983,MDA-MB-231,0,0.1082995951417004
Hum_XLOC_002986,MDA-MB-231,0,0.5098684210526316
Hum_XLOC_002990,MDA-MB-231,0,0.20723684210526316
Hum_XLOC_003039,MDA-MB-231,0,0.9688765182186234
Hum_XLOC_003061,MDA-MB-231,0,0.777580971659919
Hum_XLOC_003086,MDA-MB-231,1,0.7730263157894737
Hum_XLOC_003099,MDA-MB-231,0,0.025809716599190284
Hum_XLOC_003109,MDA-MB-231,0,0.21077935222672065
Hum_XLOC_003128,MDA-MB-231,0,0.3200910931174089
Hum_XLOC_003134,MDA-MB-231,0,0.5885627530364372
Hum_XLOC_003137,MDA-MB-231,0,0.04402834008097166
Hum_XLOC_003154,MDA-MB-231,0,0.04402834008097166
Hum_XLOC_003155,MDA-MB-231,0,0.24974696356275305
Hum_XLOC_003171,MDA-MB-231,0,0.17687246963562753
Hum_XLOC_003209,MDA-MB-231,0,0.5569331983805668
Hum_XLOC_003215,MDA-MB-231,0,0.6348684210526316
Hum_XLOC_003221,MDA-MB-231,0,0.13360323886639675
Hum_XLOC_003232,MDA-MB-231,0,0.08552631578947369
Hum_XLOC_003268,MDA-MB-231,0,0.1508097165991903
Hum_XLOC_003269,MDA-MB-231,0,0.03694331983805668
Hum_XLOC_003286,MDA-MB-231,0,0.28744939271255066
Hum_XLOC_003290,MDA-MB-231,0,0.23861336032388664
Hum_XLOC_003294,MDA-MB-231,0,0.4691295546558705
Hum_XLOC_003321,MDA-MB-231,0,0.6214574898785425
Hum_XLOC_003324,MDA-MB-231,0,0.465334008097166
Hum_XLOC_003334,MDA-MB-231,0,0.20242914979757085
Hum_XLOC_003337,MDA-MB-231,0,0.4324392712550607
Hum_XLOC_003338,MDA-MB-231,0,0.5566801619433198
Hum_XLOC_003352,MDA-MB-231,0,0.5594635627530364
Hum_XLOC_003357,MDA-MB-231,0,0.8033906882591093
Hum_XLOC_003361,MDA-MB-231,0,0.6290485829959513
Hum_XLOC_003371,MDA-MB-231,0,0.026821862348178137
Hum_XLOC_003381,MDA-MB-231,0,0.14827935222672065
Hum_XLOC_003408,MDA-MB-231,0,0.007085020242914979
Hum_XLOC_003436,MDA-MB-231,0,0.05743927125506073
Hum_XLOC_003440,MDA-MB-231,0,0.004048582995951417
Hum_XLOC_003450,MDA-MB-231,0,0.15738866396761134
Hum_XLOC_003466,MDA-MB-231,0,0.06477732793522267
Hum_XLOC_003488,MDA-MB-231,0,0.402580971659919
Hum_XLOC_003491,MDA-MB-231,0,0.3071862348178138
Hum_XLOC_003497,MDA-MB-231,0,0.03365384615384615
Hum_XLOC_003498,MDA-MB-231,0,0.12727732793522267
Hum_XLOC_003502,MDA-MB-231,0,0.4876012145748988
Hum_XLOC_003518,MDA-MB-231,0,0.10981781376518218
Hum_XLOC_003532,MDA-MB-231,0,0.03744939271255061
Hum_XLOC_003543,MDA-MB-231,0,0.014423076923076924
Hum_XLOC_003554,MDA-MB-231,0,0.45015182186234814
Hum_XLOC_003563,MDA-MB-231,0,0.5625
Hum_XLOC_003567,MDA-MB-231,0,0.6966093117408907
Hum_XLOC_003568,MDA-MB-231,0,0.465080971659919
Hum_XLOC_003570,MDA-MB-231,0,0.1839574898785425
Hum_XLOC_003571,MDA-MB-231,0,0.6277834008097165
Hum_XLOC_003593,MDA-MB-231,0,0.28466599190283404
Hum_XLOC_003594,MDA-MB-231,0,0.05819838056680162
Hum_XLOC_003598,MDA-MB-231,0,0.04706477732793522
Hum_XLOC_003626,MDA-MB-231,0,0.013157894736842106
Hum_XLOC_003628,MDA-MB-231,0,0.22621457489878544
Hum_XLOC_003630,MDA-MB-231,0,0.5225202429149798
Hum_XLOC_003641,MDA-MB-231,0,0.024291497975708502
Hum_XLOC_003662,MDA-MB-231,0,0.7436740890688258
Hum_XLOC_003665,MDA-MB-231,0,0.9261133603238867
Hum_XLOC_003672,MDA-MB-231,0,0.13157894736842107
Hum_XLOC_003673,MDA-MB-231,0,0.17332995951417005
Hum_XLOC_003674,MDA-MB-231,0,0.6634615384615384
Hum_XLOC_003676,MDA-MB-231,0,0.45394736842105265
Hum_XLOC_003686,MDA-MB-231,0,0.10880566801619433
Hum_XLOC_003697,MDA-MB-231,0,0.06528340080971659
Hum_XLOC_003717,MDA-MB-231,0,0.023785425101214577
Hum_XLOC_003725,MDA-MB-231,0,0.0652834008097166
Hum_XLOC_003743,MDA-MB-231,0,0.5045546558704453
Hum_XLOC_003754,MDA-MB-231,0,0.9696356275303644
Hum_XLOC_003766,MDA-MB-231,0,0.3119939271255061
Hum_XLOC_003775,MDA-MB-231,0,0.03314777327935223
Hum_XLOC_003790,MDA-MB-231,0,0.4698886639676113
Hum_XLOC_003799,MDA-MB-231,1,0.8997975708502024
Hum_XLOC_003853,MDA-MB-231,0,0.006578947368421052
Hum_XLOC_003865,MDA-MB-231,0,0.16826923076923078
Hum_XLOC_003871,MDA-MB-231,0,0.05541497975708502
Hum_XLOC_003891,MDA-MB-231,0,0.05086032388663968
Hum_XLOC_003892,MDA-MB-231,0,0.611336032388664
Hum_XLOC_003910,MDA-MB-231,0,0.2074898785425101
Hum_XLOC_003911,MDA-MB-231,0,0.7102732793522267
Hum_XLOC_003952,MDA-MB-231,0,0.6480263157894737
Hum_XLOC_003971,MDA-MB-231,0,0.4225708502024291
Hum_XLOC_003988,MDA-MB-231,0,0.6348684210526316
Hum_XLOC_004020,MDA-MB-231,0,0.049342105263157895
Hum_XLOC_004035,MDA-MB-231,0,0.6503036437246963
Hum_XLOC_004036,MDA-MB-231,1,0.9749493927125505
Hum_XLOC_004048,MDA-MB-231,0,0.06199392712550607
Hum_XLOC_004068,MDA-MB-231,0,0.7112854251012146
Hum_XLOC_004069,MDA-MB-231,0,0.07844129554655871
Hum_XLOC_004095,MDA-MB-231,0,0.8909412955465588
Hum_XLOC_004096,MDA-MB-231,0,0.2598684210526316
Hum_XLOC_004116,MDA-MB-231,0,0.6201923076923077
Hum_XLOC_004123,MDA-MB-231,0,0.056174089068825914
Hum_XLOC_004134,MDA-MB-231,0,0.86082995951417
Hum_XLOC_004161,MDA-MB-231,0,0.37626518218623484
Hum_XLOC_004168,MDA-MB-231,0,0.513663967611336
Hum_XLOC_004169,MDA-MB-231,0,0.7436740890688259
Hum_XLOC_004177,MDA-MB-231,0,0.10855263157894737
Hum_XLOC_004200,MDA-MB-231,0,0.7340587044534412
Hum_XLOC_004201,MDA-MB-231,0,0.6270242914979757
Hum_XLOC_004219,MDA-MB-231,0,0.5184716599190283
Hum_XLOC_004226,MDA-MB-231,0,0.8388157894736842
Hum_XLOC_004227,MDA-MB-231,0,0.9157388663967612
Hum_XLOC_004236,MDA-MB-231,0,0.5748987854251012
Hum_XLOC_004254,MDA-MB-231,1,0.9987348178137652
Hum_XLOC_004255,MDA-MB-231,0,0.006325910931174089
Hum_XLOC_004262,MDA-MB-231,1,0.9590080971659919
Hum_XLOC_004269,MDA-MB-231,0,0.025556680161943318
Hum_XLOC_004277,MDA-MB-231,0,0.18699392712550608
Hum_XLOC_004278,MDA-MB-231,0,0.18800607287449392
Hum_XLOC_004282,MDA-MB-231,0,0.35931174089068824
Hum_XLOC_004287,MDA-MB-231,0,0.7834008097165992
Hum_XLOC_004293,MDA-MB-231,0,0.12120445344129555
Hum_XLOC_004302,MDA-MB-231,0,0.13562753036437247
Hum_XLOC_004303,MDA-MB-231,0,0.009109311740890687
Hum_XLOC_004306,MDA-MB-231,0,0.027580971659919032
Hum_XLOC_004309,MDA-MB-231,0,0.5164473684210527
Hum_XLOC_004314,MDA-MB-231,0,0.9547064777327936
Hum_XLOC_004317,MDA-MB-231,0,0.06831983805668015
Hum_XLOC_004336,MDA-MB-231,0,0.3328694331983806
Hum_XLOC_004343,MDA-MB-231,0,0.12955465587044535
Hum_XLOC_004350,MDA-MB-231,0,0.9888663967611335
Hum_XLOC_004361,MDA-MB-231,0,0.04402834008097166
Hum_XLOC_004363,MDA-MB-231,0,0.3701923076923077
Hum_XLOC_004401,MDA-MB-231,0,0.059463562753036436
Hum_XLOC_004405,MDA-MB-231,0,0.5134109311740891
Hum_XLOC_004407,MDA-MB-231,0,0.0756578947368421
Hum_XLOC_004424,MDA-MB-231,0,0.5513663967611336
Hum_XLOC_004437,MDA-MB-231,0,0.31376518218623484
Hum_XLOC_004446,MDA-MB-231,0,0.24873481781376516
Hum_XLOC_004457,MDA-MB-231,0,0.6217105263157894
Hum_XLOC_004482,MDA-MB-231,0,0.34564777327935226
Hum_XLOC_004502,MDA-MB-231,0,0.0513663967611336
Hum_XLOC_004515,MDA-MB-231,0,0.9939271255060729
Hum_XLOC_004529,MDA-MB-231,0,0.9521761133603239
Hum_XLOC_004535,MDA-MB-231,0,0.46786437246963564
Hum_XLOC_004553,MDA-MB-231,0,0.42535425101214575
Hum_XLOC_004566,MDA-MB-231,0,0.9149797570850202
Hum_XLOC_004567,MDA-MB-231,0,0.15106275303643724
Hum_XLOC_004572,MDA-MB-231,1,0.97165991902834
Hum_XLOC_004578,MDA-MB-231,0,0.5688259109311741
Hum_XLOC_004580,MDA-MB-231,0,0.15536437246963564
Hum_XLOC_004581,MDA-MB-231,0,0.5675607287449392
Hum_XLOC_004587,MDA-MB-231,0,0.020748987854251014
Hum_XLOC_004600,MDA-MB-231,0,0.7348178137651822
Hum_XLOC_004601,MDA-MB-231,0,0.3125
Hum_XLOC_004607,MDA-MB-231,0,0.7902327935222673
Hum_XLOC_004617,MDA-MB-231,0,0.01771255060728745
Hum_XLOC_004619,MDA-MB-231,0,0.5255566801619433
Hum_XLOC_004620,MDA-MB-231,0,0.39372469635627527
Hum_XLOC_004632,MDA-MB-231,0,0.688259109311741
Hum_XLOC_004636,MDA-MB-231,0,0.14802631578947367
Hum_XLOC_004652,MDA-MB-231,0,0.7598684210526316
Hum_XLOC_004653,MDA-MB-231,0,0.5250506072874495
Hum_XLOC_004657,MDA-MB-231,1,0.9769736842105263
Hum_XLOC_004661,MDA-MB-231,0,0.29883603238866396
Hum_XLOC_004683,MDA-MB-231,0,0.028087044534412957
Hum_XLOC_004684,MDA-MB-231,0,0.3476720647773279
Hum_XLOC_004688,MDA-MB-231,0,0.17813765182186234
Hum_XLOC_004689,MDA-MB-231,0,0.26695344129554655
Hum_XLOC_004705,MDA-MB-231,0,0.04149797570850203
Hum_XLOC_004717,MDA-MB-231,0,0.39574898785425106
Hum_XLOC_004718,MDA-MB-231,0,0.29984817813765186
Hum_XLOC_004733,MDA-MB-231,0,0.6093117408906883
Hum_XLOC_004741,MDA-MB-231,0,0.012651821862348178
Hum_XLOC_004762,MDA-MB-231,0,0.9015688259109311
Hum_XLOC_004771,MDA-MB-231,0,0.4430668016194332
Hum_XLOC_004777,MDA-MB-231,0,0.8484311740890689
Hum_XLOC_004788,MDA-MB-231,0,0.4703947368421053
Hum_XLOC_004791,MDA-MB-231,0,0.9220647773279352
Hum_XLOC_004795,MDA-MB-231,0,0.19483805668016194
Hum_XLOC_004803,MDA-MB-231,0,0.47216599190283404
Hum_XLOC_004805,MDA-MB-231,0,0.6171558704453441
Hum_XLOC_004813,MDA-MB-231,0,0.9678643724696356
Hum_XLOC_004815,MDA-MB-231,0,0.7090080971659919
Hum_XLOC_004822,MDA-MB-231,0,0.3739878542510121
Hum_XLOC_004823,MDA-MB-231,0,0.70167004048583
Hum_XLOC_004827,MDA-MB-231,0,0.3355263157894737
Hum_XLOC_004837,MDA-MB-231,0,0.784412955465587
Hum_XLOC_004839,MDA-MB-231,0,0.05516194331983806
Hum_XLOC_004855,MDA-MB-231,0,0.43825910931174084
Hum_XLOC_004874,MDA-MB-231,0,0.008856275303643725
Hum_XLOC_004875,MDA-MB-231,0,0.23203441295546556
Hum_XLOC_004878,MDA-MB-231,0,0.8279352226720648
Hum_XLOC_004884,MDA-MB-231,1,0.9840587044534412
Hum_XLOC_004911,MDA-MB-231,0,0.3102226720647773
Hum_XLOC_004915,MDA-MB-231,0,0.6406882591093117
Hum_XLOC_004927,MDA-MB-231,1,0.5789473684210527
Hum_XLOC_004929,MDA-MB-231,0,0.8094635627530364
Hum_XLOC_004936,MDA-MB-231,0,0.6685222672064777
Hum_XLOC_004957,MDA-MB-231,0,0.1449898785425101
Hum_XLOC_004960,MDA-MB-231,0,0.6563765182186234
Hum_XLOC_004965,MDA-MB-231,0,0.02327935222672065
Hum_XLOC_000006,THP1,0,0.4876012145748988
Hum_XLOC_000008,THP1,0,0.3512145748987854
Hum_XLOC_000016,THP1,0,0.6492914979757085
Hum_XLOC_000030,THP1,0,0.2768218623481782
Hum_XLOC_000033,THP1,0,0.32388663967611336
Hum_XLOC_000039,THP1,0,0.5642712550607287
Hum_XLOC_000053,THP1,0,0.14347165991902833
Hum_XLOC_000057,THP1,0,0.8094635627530364
Hum_XLOC_000060,THP1,0,0.5194838056680162
Hum_XLOC_000080,THP1,0,0.11614372469635627
Hum_XLOC_000094,THP1,0,0.6024797570850202
Hum_XLOC_000100,THP1,0,0.701163967611336
Hum_XLOC_000105,THP1,0,0.10905870445344129
Hum_XLOC_000107,THP1,0,0.840080971659919
Hum_XLOC_000111,THP1,0,0.27201417004048584
Hum_XLOC_000134,THP1,0,0.29200404858299595
Hum_XLOC_000143,THP1,0,0.4091599190283401
Hum_XLOC_000145,THP1,0,0.9640688259109311
Hum_XLOC_000149,THP1,0,0.8216093117408907
Hum_XLOC_000155,THP1,0,0.9331983805668016
Hum_XLOC_000169,THP1,0,0.6844635627530364
Hum_XLOC_000170,THP1,0,0.3001012145748988
Hum_XLOC_000194,THP1,0,0.8982793522267206
Hum_XLOC_000201,THP1,0,0.6077935222672064
Hum_XLOC_000231,THP1,0,0.5425101214574899
Hum_XLOC_000233,THP1,0,0.5156882591093117
Hum_XLOC_000245,THP1,0,0.7122975708502024
Hum_XLOC_000247,THP1,0,0.3443825910931174
Hum_XLOC_000248,THP1,0,0.8362854251012146
Hum_XLOC_000265,THP1,0,0.3089574898785425
Hum_XLOC_000282,THP1,0,0.5723684210526316
Hum_XLOC_000286,THP1,0,0.9089068825910931
Hum_XLOC_000292,THP1,0,0.2515182186234818
Hum_XLOC_000307,THP1,0,0.3734817813765182
Hum_XLOC_000308,THP1,0,0.30794534412955465
Hum_XLOC_000312,THP1,0,0.6918016194331984
Hum_XLOC_000314,THP1,0,0.13360323886639675
Hum_XLOC_000317,THP1,0,0.7816295546558705
Hum_XLOC_000319,THP1,0,0.6675101214574899
Hum_XLOC_000332,THP1,0,0.6781376518218624
Hum_XLOC_000338,THP1,1,0.9154858299595141
Hum_XLOC_000342,THP1,0,0.6237348178137652
Hum_XLOC_000345,THP1,0,0.18876518218623484
Hum_XLOC_000362,THP1,0,0.7145748987854251
Hum_XLOC_000377,THP1,0,0.20571862348178138
Hum_XLOC_000390,THP1,0,0.21761133603238866
Hum_XLOC_000394,THP1,0,0.3223684210526316
Hum_XLOC_000411,THP1,0,0.7464574898785425
Hum_XLOC_000415,THP1,0,0.40384615384615385
Hum_XLOC_000430,THP1,0,0.5108805668016194
Hum_XLOC_000436,THP1,1,0.9671052631578947
Hum_XLOC_000437,THP1,0,0.7198886639676114
Hum_XLOC_000456,THP1,1,0.7560728744939271
Hum_XLOC_000461,THP1,0,0.6687753036437247
Hum_XLOC_000462,THP1,0,0.4521761133603239
Hum_XLOC_000465,THP1,0,0.7001518218623481
Hum_XLOC_000472,THP1,0,0.5227732793522267
Hum_XLOC_000474,THP1,0,0.15232793522267207
Hum_XLOC_000478,THP1,0,0.7143218623481782
Hum_XLOC_000486,THP1,0,0.37803643724696356
Hum_XLOC_000490,THP1,0,0.47014170040485825
Hum_XLOC_000498,THP1,0,0.6371457489878543
Hum_XLOC_000500,THP1,0,0.3350202429149798
Hum_XLOC_000510,THP1,0,0.9245951417004048
Hum_XLOC_000535,THP1,0,0.5245445344129555
Hum_XLOC_000540,THP1,0,0.5528846153846154
Hum_XLOC_000556,THP1,0,0.12778340080971662
Hum_XLOC_000574,THP1,0,0.22140688259109312
Hum_XLOC_000575,THP1,0,0.3965080971659919
Hum_XLOC_000582,THP1,0,0.11285425101214575
Hum_XLOC_000590,THP1,0,0.708502024291498
Hum_XLOC_000601,THP1,0,0.13183198380566802
Hum_XLOC_000604,THP1,0,0.6705465587044535
Hum_XLOC_000608,THP1,0,0.5382085020242915
Hum_XLOC_000612,THP1,0,0.3464068825910931
Hum_XLOC_000636,THP1,1,0.8906882591093117
Hum_XLOC_000638,THP1,0,0.9071356275303644
Hum_XLOC_000641,THP1,0,0.13512145748987853
Hum_XLOC_000655,THP1,0,0.722419028340081
Hum_XLOC_000668,THP1,0,0.10399797570850203
Hum_XLOC_000680,THP1,0,0.24544534412955465
Hum_XLOC_000681,THP1,0,0.6796558704453441
Hum_XLOC_000695,THP1,0,0.5083502024291497
Hum_XLOC_000702,THP1,0,0.3911943319838057
Hum_XLOC_000726,THP1,0,0.652074898785425
Hum_XLOC_000727,THP1,0,0.3915738866396761
Hum_XLOC_000758,THP1,0,0.499746963562753
Hum_XLOC_000773,THP1,0,0.5086032388663968
Hum_XLOC_000774,THP1,0,0.5108805668016194
Hum_XLOC_000797,THP1,0,0.1353744939271255
Hum_XLOC_000799,THP1,0,0.583502024291498
Hum_XLOC_000800,THP1,0,0.9329453441295547
Hum_XLOC_000807,THP1,0,0.9901315789473684
Hum_XLOC_000818,THP1,0,0.673836032388664
Hum_XLOC_000828,THP1,0,0.8934716599190283
Hum_XLOC_000831,THP1,0,0.2586032388663968
Hum_XLOC_000835,THP1,0,0.48405870445344135
Hum_XLOC_000840,THP1,0,0.4139676113360324
Hum_XLOC_000841,THP1,0,0.7725202429149798
Hum_XLOC_000842,THP1,0,0.23507085020242915
Hum_XLOC_000854,THP1,0,0.3633603238866397
Hum_XLOC_000855,THP1,0,0.2209008097165992
Hum_XLOC_000883,THP1,0,0.13360323886639677
Hum_XLOC_000885,THP1,0,0.09665991902834008
Hum_XLOC_000905,THP1,0,0.6702935222672065
Hum_XLOC_000917,THP1,0,0.7884615384615384
Hum_XLOC_000925,THP1,0,0.7570850202429149
Hum_XLOC_000944,THP1,0,0.45622469635627527
Hum_XLOC_000949,THP1,0,0.06578947368421052
Hum_XLOC_000953,THP1,0,0.18598178137651822
Hum_XLOC_000964,THP1,0,0.5640182186234818
Hum_XLOC_000990,THP1,0,0.2940283400809717
Hum_XLOC_000994,THP1,0,0.896255060728745
Hum_XLOC_001020,THP1,0,0.6280364372469636
Hum_XLOC_001029,THP1,0,0.44256072874493924
Hum_XLOC_001066,THP1,0,0.5273279352226721
Hum_XLOC_001120,THP1,0,0.4476214574898786
Hum_XLOC_001121,THP1,0,0.49493927125506076
Hum_XLOC_001122,THP1,0,0.5258097165991903
Hum_XLOC_001125,THP1,0,0.1424595141700405
Hum_XLOC_001132,THP1,0,0.21077935222672065
Hum_XLOC_001138,THP1,0,0.22115384615384615
Hum_XLOC_001144,THP1,0,0.10045546558704455
Hum_XLOC_001146,THP1,0,0.4822874493927125
Hum_XLOC_001188,THP1,1,0.7064777327935223
Hum_XLOC_001191,THP1,0,0.22520242914979757
Hum_XLOC_001192,THP1,0,0.7839068825910931
Hum_XLOC_001217,THP1,0,0.2515182186234818
Hum_XLOC_001222,THP1,0,0.19357287449392713
Hum_XLOC_001228,THP1,0,0.6328441295546559
Hum_XLOC_001230,THP1,0,0.4433198380566802
Hum_XLOC_001237,THP1,0,0.1604251012145749
Hum_XLOC_001243,THP1,0,0.4726720647773279
Hum_XLOC_001275,THP1,0,0.29984817813765186
Hum_XLOC_001279,THP1,0,0.2894736842105263
Hum_XLOC_001291,THP1,0,0.6824392712550607
Hum_XLOC_001296,THP1,0,0.8709514170040485
Hum_XLOC_001297,THP1,0,0.41194331983805665
Hum_XLOC_001309,THP1,0,0.25531376518218624
Hum_XLOC_001329,THP1,0,0.47444331983805665
Hum_XLOC_001330,THP1,0,0.4342105263157895
Hum_XLOC_001355,THP1,0,0.3023785425101215
Hum_XLOC_001366,THP1,0,0.6515688259109311
Hum_XLOC_001367,THP1,0,0.3190789473684211
Hum_XLOC_001375,THP1,0,0.2813765182186235
Hum_XLOC_001390,THP1,0,0.08046558704453441
Hum_XLOC_001405,THP1,0,0.08299595141700405
Hum_XLOC_001461,THP1,0,0.2201417004048583
Hum_XLOC_001465,THP1,0,0.49063765182186236
Hum_XLOC_001488,THP1,0,0.19888663967611336
Hum_XLOC_001490,THP1,0,0.29478744939271256
Hum_XLOC_001509,THP1,1,0.6411943319838056
Hum_XLOC_001516,THP1,0,0.40055668016194335
Hum_XLOC_001532,THP1,0,0.1424595141700405
Hum_XLOC_001539,THP1,0,0.7973178137651822
Hum_XLOC_001541,THP1,0,0.7735323886639676
Hum_XLOC_001542,THP1,0,0.5842611336032388
Hum_XLOC_001548,THP1,0,0.8233805668016194
Hum_XLOC_001559,THP1,0,0.44863360323886636
Hum_XLOC_001565,THP1,0,0.7148279352226721
Hum_XLOC_001566,THP1,0,0.7998481781376519
Hum_XLOC_001575,THP1,0,0.24190283400809715
Hum_XLOC_001580,THP1,0,0.1584008097165992
Hum_XLOC_001590,THP1,0,0.6796558704453441
Hum_XLOC_001615,THP1,1,0.8590587044534412
Hum_XLOC_001624,THP1,0,0.3706983805668016
Hum_XLOC_001639,THP1,0,0.486082995951417
Hum_XLOC_001661,THP1,0,0.5194838056680162
Hum_XLOC_001666,THP1,0,0.2742914979757085
Hum_XLOC_001668,THP1,0,0.430921052631579
Hum_XLOC_001688,THP1,0,0.6379048582995952
Hum_XLOC_001689,THP1,0,0.2818825910931174
Hum_XLOC_001695,THP1,0,0.8056680161943319
Hum_XLOC_001696,THP1,0,0.4056174089068826
Hum_XLOC_001698,THP1,0,0.506578947368421
Hum_XLOC_001707,THP1,0,0.5179655870445344
Hum_XLOC_001760,THP1,0,0.38663967611336036
Hum_XLOC_001761,THP1,0,0.5738866396761133
Hum_XLOC_001773,THP1,0,0.4116902834008097
Hum_XLOC_001775,THP1,0,0.37424089068825916
Hum_XLOC_001779,THP1,0,0.6561234817813766
Hum_XLOC_001783,THP1,0,0.35475708502024295
Hum_XLOC_001791,THP1,0,0.8598178137651822
Hum_XLOC_001805,THP1,0,0.3798076923076923
Hum_XLOC_001809,THP1,0,0.07894736842105263
Hum_XLOC_001848,THP1,0,0.895242914979757
Hum_XLOC_001919,THP1,0,0.5111336032388665
Hum_XLOC_001941,THP1,0,0.5809716599190283
Hum_XLOC_001942,THP1,0,0.8810728744939271
Hum_XLOC_001949,THP1,0,0.3557692307692307
Hum_XLOC_001950,THP1,0,0.5951417004048583
Hum_XLOC_001953,THP1,0,0.35880566801619435
Hum_XLOC_001957,THP1,0,0.3479251012145749
Hum_XLOC_001961,THP1,1,0.992661943319838
Hum_XLOC_001969,THP1,0,0.7760627530364372
Hum_XLOC_002024,THP1,0,0.6379048582995952
Hum_XLOC_002028,THP1,0,0.06047570850202429
Hum_XLOC_002033,THP1,0,0.6961032388663968
Hum_XLOC_002036,THP1,0,0.2935222672064777
Hum_XLOC_002037,THP1,0,0.493168016194332
Hum_XLOC_002041,THP1,0,0.1923076923076923
Hum_XLOC_002059,THP1,0,0.8130060728744939
Hum_XLOC_002061,THP1,0,0.12803643724696356
Hum_XLOC_002068,THP1,0,0.13765182186234817
Hum_XLOC_002081,THP1,0,0.6756072874493928
Hum_XLOC_002093,THP1,0,0.6196862348178138
Hum_XLOC_002099,THP1,0,0.16599190283400808
Hum_XLOC_002144,THP1,0,0.2527834008097166
Hum_XLOC_002150,THP1,0,0.31654858299595146
Hum_XLOC_002152,THP1,0,0.47039473684210525
Hum_XLOC_002154,THP1,0,0.30541497975708504
Hum_XLOC_002169,THP1,1,0.9405364372469636
Hum_XLOC_002170,THP1,0,0.14220647773279352
Hum_XLOC_002176,THP1,0,0.30895748987854255
Hum_XLOC_002178,THP1,0,0.14043522267206476
Hum_XLOC_002186,THP1,0,0.9157388663967612
Hum_XLOC_002204,THP1,0,0.5817307692307693
Hum_XLOC_002205,THP1,0,0.5928643724696356
Hum_XLOC_002219,THP1,0,0.6819331983805668
Hum_XLOC_002244,THP1,0,0.388917004048583
Hum_XLOC_002252,THP1,0,0.4331983805668016
Hum_XLOC_002261,THP1,0,0.20723684210526316
Hum_XLOC_002262,THP1,0,0.5986842105263158
Hum_XLOC_002265,THP1,0,0.8557692307692308
Hum_XLOC_002271,THP1,0,0.2715080971659919
Hum_XLOC_002280,THP1,0,0.6293016194331984
Hum_XLOC_002282,THP1,0,0.3798076923076923
Hum_XLOC_002283,THP1,0,0.708248987854251
Hum_XLOC_002284,THP1,0,0.14347165991902833
Hum_XLOC_002294,THP1,0,0.3168016194331984
Hum_XLOC_002296,THP1,0,0.8049089068825911
Hum_XLOC_002299,THP1,0,0.1508097165991903
Hum_XLOC_002301,THP1,0,0.22343117408906882
Hum_XLOC_002306,THP1,0,0.3076923076923077
Hum_XLOC_002311,THP1,0,0.8494433198380567
Hum_XLOC_002313,THP1,0,0.3102226720647773
Hum_XLOC_002314,THP1,0,0.6166497975708503
Hum_XLOC_002327,THP1,0,0.3739878542510121
Hum_XLOC_002330,THP1,0,0.3851214574898786
Hum_XLOC_002338,THP1,0,0.23937246963562753
Hum_XLOC_002344,THP1,0,0.09944331983805668
Hum_XLOC_002347,THP1,0,0.41295546558704455
Hum_XLOC_002348,THP1,0,0.4665991902834008
Hum_XLOC_002362,THP1,0,0.07439271255060728
Hum_XLOC_002364,THP1,0,0.7145748987854251
Hum_XLOC_002383,THP1,0,0.15258097165991902
Hum_XLOC_002386,THP1,0,0.5060728744939271
Hum_XLOC_002390,THP1,0,0.4681174089068826
Hum_XLOC_002394,THP1,0,0.9898785425101215
Hum_XLOC_002398,THP1,0,0.21837044534412955
Hum_XLOC_002399,THP1,0,0.3006072874493927
Hum_XLOC_002408,THP1,0,0.29681174089068824
Hum_XLOC_002414,THP1,0,0.3476720647773279
Hum_XLOC_002418,THP1,0,0.05465587044534413
Hum_XLOC_002435,THP1,0,0.6432186234817814
Hum_XLOC_002440,THP1,0,0.26543522267206476
Hum_XLOC_002489,THP1,0,0.15789473684210525
Hum_XLOC_002490,THP1,0,0.4493927125506073
Hum_XLOC_002493,THP1,0,0.8590587044534412
Hum_XLOC_002520,THP1,0,0.97165991902834
Hum_XLOC_002524,THP1,0,0.11740890688259109
Hum_XLOC_002546,THP1,0,0.6120951417004048
Hum_XLOC_002560,THP1,0,0.2300101214574899
Hum_XLOC_002570,THP1,0,0.18522267206477733
Hum_XLOC_002577,THP1,0,0.3830971659919028
Hum_XLOC_002579,THP1,0,0.7252024291497976
Hum_XLOC_002586,THP1,0,0.15232793522267207
Hum_XLOC_002589,THP1,0,0.41725708502024295
Hum_XLOC_002629,THP1,0,0.6530870445344129
Hum_XLOC_002631,THP1,0,0.3393218623481781
Hum_XLOC_002635,THP1,0,0.2074898785425101
Hum_XLOC_002644,THP1,0,0.19483805668016194
Hum_XLOC_002646,THP1,0,0.333248987854251
Hum_XLOC_002653,THP1,0,0.7036943319838057
Hum_XLOC_002681,THP1,0,0.11740890688259109
Hum_XLOC_002695,THP1,0,0.2747975708502024
Hum_XLOC_002702,THP1,0,0.10247975708502025
Hum_XLOC_002705,THP1,0,0.3099696356275303
Hum_XLOC_002711,THP1,0,0.19838056680161942
Hum_XLOC_002714,THP1,0,0.28036437246963564
Hum_XLOC_002717,THP1,0,0.1826923076923077
Hum_XLOC_002725,THP1,0,0.3233805668016194
Hum_XLOC_002741,THP1,0,0.8985323886639676
Hum_XLOC_002742,THP1,0,0.6624493927125505
Hum_XLOC_002744,THP1,0,0.14853238866396762
Hum_XLOC_002760,THP1,0,0.17687246963562753
Hum_XLOC_002788,THP1,0,0.6963562753036437
Hum_XLOC_002792,THP1,0,0.5043016194331984
Hum_XLOC_002796,THP1,0,0.4357287449392713
Hum_XLOC_002817,THP1,0,0.28770242914979755
Hum_XLOC_002836,THP1,1,0.9949392712550607
Hum_XLOC_002844,THP1,0,0.6796558704453441
Hum_XLOC_002845,THP1,0,0.5111336032388665
Hum_XLOC_002859,THP1,0,0.39726720647773284
Hum_XLOC_002889,THP1,0,0.7722672064777327
Hum_XLOC_002911,THP1,0,0.43446356275303644
Hum_XLOC_002935,THP1,1,0.5123987854251012
Hum_XLOC_002937,THP1,0,0.22444331983805668
Hum_XLOC_002967,THP1,0,0.7512651821862348
Hum_XLOC_002983,THP1,0,0.20470647773279352
Hum_XLOC_002986,THP1,0,0.8119939271255061
Hum_XLOC_002990,THP1,0,0.32034412955465585
Hum_XLOC_003039,THP1,0,0.9673582995951417
Hum_XLOC_003061,THP1,0,0.6161437246963564
Hum_XLOC_003086,THP1,1,0.5359311740890689
Hum_XLOC_003099,THP1,0,0.1584008097165992
Hum_XLOC_003109,THP1,1,0.42535425101214575
Hum_XLOC_003128,THP1,0,0.8800607287449393
Hum_XLOC_003134,THP1,0,0.47444331983805665
Hum_XLOC_003137,THP1,0,0.08173076923076923
Hum_XLOC_003154,THP1,0,0.18522267206477733
Hum_XLOC_003155,THP1,0,0.21356275303643724
Hum_XLOC_003171,THP1,0,0.3266700404858299
Hum_XLOC_003209,THP1,0,0.5918522267206477
Hum_XLOC_003215,THP1,0,0.5989372469635628
Hum_XLOC_003221,THP1,0,0.6027327935222673
Hum_XLOC_003232,THP1,0,0.2796052631578947
Hum_XLOC_003268,THP1,0,0.5387145748987854
Hum_XLOC_003269,THP1,0,0.1591599190283401
Hum_XLOC_003286,THP1,0,0.5926113360323886
Hum_XLOC_003290,THP1,0,0.1591599190283401
Hum_XLOC_003294,THP1,0,0.5154352226720649
Hum_XLOC_003321,THP1,0,0.8972672064777328
Hum_XLOC_003324,THP1,0,0.5063259109311742
Hum_XLOC_003334,THP1,0,0.2097672064777328
Hum_XLOC_003337,THP1,0,0.40612348178137647
Hum_XLOC_003338,THP1,0,0.333502024291498
Hum_XLOC_003352,THP1,0,0.39195344129554655
Hum_XLOC_003357,THP1,0,0.6558704453441295
Hum_XLOC_003361,THP1,0,0.9334514170040487
Hum_XLOC_003371,THP1,0,0.3486842105263158
Hum_XLOC_003381,THP1,0,0.4142206477732794
Hum_XLOC_003408,THP1,0,0.11589068825910931
Hum_XLOC_003436,THP1,0,0.19812753036437247
Hum_XLOC_003440,THP1,0,0.12955465587044535
Hum_XLOC_003450,THP1,0,0.3666497975708502
Hum_XLOC_003466,THP1,0,0.31047570850202433
Hum_XLOC_003488,THP1,0,0.4132085020242915
Hum_XLOC_003491,THP1,0,0.8367914979757085
Hum_XLOC_003497,THP1,0,0.09969635627530364
Hum_XLOC_003498,THP1,0,0.20040485829959515
Hum_XLOC_003502,THP1,0,0.44458502024291496
Hum_XLOC_003518,THP1,0,0.5812246963562753
Hum_XLOC_003532,THP1,0,0.25025303643724695
Hum_XLOC_003543,THP1,0,0.11184210526315788
Hum_XLOC_003554,THP1,1,0.6728238866396761
Hum_XLOC_003563,THP1,0,0.4213056680161943
Hum_XLOC_003567,THP1,0,0.6677631578947368
Hum_XLOC_003568,THP1,0,0.3018724696356275
Hum_XLOC_003570,THP1,0,0.46204453441295545
Hum_XLOC_003571,THP1,0,0.5784412955465588
Hum_XLOC_003593,THP1,0,0.7115384615384616
Hum_XLOC_003594,THP1,0,0.22697368421052633
Hum_XLOC_003598,THP1,0,0.4116902834008097
Hum_XLOC_003626,THP1,0,0.17231781376518218
Hum_XLOC_003628,THP1,1,0.4524291497975709
Hum_XLOC_003630,THP1,0,0.7540485829959513
Hum_XLOC_003641,THP1,0,0.20774291497975708
Hum_XLOC_003662,THP1,0,0.6095647773279351
Hum_XLOC_003665,THP1,0,0.7841599190283401
Hum_XLOC_003672,THP1,0,0.3742408906882591
Hum_XLOC_003673,THP1,0,0.3180668016194332
Hum_XLOC_003674,THP1,0,0.5174595141700404
Hum_XLOC_003676,THP1,0,0.7747975708502024
Hum_XLOC_003686,THP1,0,0.2507591093117409
Hum_XLOC_003697,THP1,0,0.18724696356275303
Hum_XLOC_003717,THP1,0,0.7720141700404859
Hum_XLOC_003725,THP1,0,0.1282894736842105
Hum_XLOC_003743,THP1,0,0.3727226720647773
Hum_XLOC_003754,THP1,0,0.5678137651821862
Hum_XLOC_003766,THP1,0,0.6953441295546559
Hum_XLOC_003775,THP1,0,0.11968623481781376
Hum_XLOC_003790,THP1,0,0.7763157894736842
Hum_XLOC_003799,THP1,0,0.667004048582996
Hum_XLOC_003853,THP1,0,0.1166497975708502
Hum_XLOC_003865,THP1,0,0.5751518218623481
Hum_XLOC_003871,THP1,0,0.1298076923076923
Hum_XLOC_003891,THP1,0,0.16396761133603238
Hum_XLOC_003892,THP1,1,0.4896255060728745
Hum_XLOC_003910,THP1,0,0.17737854251012147
Hum_XLOC_003911,THP1,0,0.37474696356275305
Hum_XLOC_003952,THP1,0,0.48380566801619435
Hum_XLOC_003971,THP1,0,0.957995951417004
Hum_XLOC_003988,THP1,0,0.5321356275303644
Hum_XLOC_004020,THP1,0,0.11892712550607287
Hum_XLOC_004035,THP1,0,0.39524291497975705
Hum_XLOC_004036,THP1,0,0.5642712550607287
Hum_XLOC_004048,THP1,0,0.20698380566801622
Hum_XLOC_004068,THP1,0,0.5230263157894737
Hum_XLOC_004069,THP1,0,0.15435222672064777
Hum_XLOC_004095,THP1,0,0.5597165991902834
Hum_XLOC_004096,THP1,0,0.2515182186234818
Hum_XLOC_004116,THP1,0,0.5113866396761133
Hum_XLOC_004123,THP1,0,0.2750506072874494
Hum_XLOC_004134,THP1,0,0.9870951417004048
Hum_XLOC_004161,THP1,0,0.4782388663967611
Hum_XLOC_004168,THP1,0,0.5035425101214575
Hum_XLOC_004169,THP1,0,0.4762145748987854
Hum_XLOC_004177,THP1,0,0.8626012145748987
Hum_XLOC_004200,THP1,0,0.4271255060728745
Hum_XLOC_004201,THP1,0,0.597165991902834
Hum_XLOC_004219,THP1,0,0.38208502024291496
Hum_XLOC_004226,THP1,0,0.7661943319838056
Hum_XLOC_004227,THP1,0,0.833248987854251
Hum_XLOC_004236,THP1,0,0.5799595141700404
Hum_XLOC_004254,THP1,1,0.999746963562753
Hum_XLOC_004255,THP1,0,0.08248987854251012
Hum_XLOC_004262,THP1,1,0.9802631578947368
Hum_XLOC_004269,THP1,0,0.7396255060728745
Hum_XLOC_004277,THP1,0,0.07844129554655871
Hum_XLOC_004278,THP1,0,0.5652834008097166
Hum_XLOC_004282,THP1,0,0.631578947368421
Hum_XLOC_004287,THP1,0,0.6396761133603239
Hum_XLOC_004293,THP1,0,0.1971153846153846
Hum_XLOC_004302,THP1,0,0.5842611336032388
Hum_XLOC_004303,THP1,0,0.09817813765182187
Hum_XLOC_004306,THP1,0,0.2249493927125506
Hum_XLOC_004309,THP1,0,0.41700404858299595
Hum_XLOC_004314,THP1,0,0.7406376518218624
Hum_XLOC_004317,THP1,0,0.28694331983805665
Hum_XLOC_004336,THP1,1,0.6806680161943319
Hum_XLOC_004343,THP1,0,0.20723684210526316
Hum_XLOC_004350,THP1,0,0.9316801619433199
Hum_XLOC_004361,THP1,0,0.24898785425101216
Hum_XLOC_004363,THP1,0,0.36285425101214575
Hum_XLOC_004401,THP1,0,0.3484311740890688
Hum_XLOC_004405,THP1,0,0.8274291497975709
Hum_XLOC_004407,THP1,0,0.08628542510121458
Hum_XLOC_004424,THP1,0,0.5921052631578947
Hum_XLOC_004437,THP1,0,0.34564777327935226
Hum_XLOC_004446,THP1,0,0.13208502024291496
Hum_XLOC_004457,THP1,0,0.6417004048582996
Hum_XLOC_004482,THP1,0,0.2456983805668016
Hum_XLOC_004502,THP1,0,0.12221659919028341
Hum_XLOC_004515,THP1,0,0.9000506072874495
Hum_XLOC_004529,THP1,0,0.6508097165991903
Hum_XLOC_004535,THP1,0,0.26366396761133604
Hum_XLOC_004553,THP1,0,0.23987854251012147
Hum_XLOC_004566,THP1,0,0.43623481781376516
Hum_XLOC_004567,THP1,0,0.5141700404858299
Hum_XLOC_004572,THP1,1,0.8944838056680162
Hum_XLOC_004578,THP1,0,0.44306680161943324
Hum_XLOC_004580,THP1,0,0.24544534412955465
Hum_XLOC_004581,THP1,0,0.805161943319838
Hum_XLOC_004587,THP1,0,0.15688259109311742
Hum_XLOC_004600,THP1,0,0.8714574898785425
Hum_XLOC_004601,THP1,0,0.7376012145748988
Hum_XLOC_004607,THP1,0,0.40865384615384615
Hum_XLOC_004617,THP1,0,0.2942813765182186
Hum_XLOC_004619,THP1,0,0.5703441295546559
Hum_XLOC_004620,THP1,0,0.4974696356275303
Hum_XLOC_004632,THP1,0,0.5217611336032388
Hum_XLOC_004636,THP1,0,0.7621457489878543
Hum_XLOC_004652,THP1,0,0.9375
Hum_XLOC_004653,THP1,0,0.7345647773279352
Hum_XLOC_004657,THP1,0,0.7558198380566801
Hum_XLOC_004661,THP1,0,0.7036943319838056
Hum_XLOC_004683,THP1,0,0.09033400809716599
Hum_XLOC_004684,THP1,0,0.625759109311741
Hum_XLOC_004688,THP1,0,0.2899797570850202
Hum_XLOC_004689,THP1,0,0.6427125506072875
Hum_XLOC_004705,THP1,0,0.1998987854251012
Hum_XLOC_004717,THP1,0,0.3398279352226721
Hum_XLOC_004718,THP1,0,0.17231781376518218
Hum_XLOC_004733,THP1,0,0.33476720647773284
Hum_XLOC_004741,THP1,0,0.15890688259109312
Hum_XLOC_004762,THP1,0,0.660425101214575
Hum_XLOC_004771,THP1,0,0.42788461538461536
Hum_XLOC_004777,THP1,0,0.5225202429149798
Hum_XLOC_004788,THP1,0,0.3782894736842105
Hum_XLOC_004791,THP1,0,0.6540991902834008
Hum_XLOC_004795,THP1,0,0.8777834008097166
Hum_XLOC_004803,THP1,0,0.1700404858299595
Hum_XLOC_004805,THP1,0,0.6715587044534412
Hum_XLOC_004813,THP1,0,0.5923582995951417
Hum_XLOC_004815,THP1,0,0.47064777327935226
Hum_XLOC_004822,THP1,0,0.7740384615384616
Hum_XLOC_004823,THP1,0,0.7790991902834008
Hum_XLOC_004827,THP1,0,0.2368421052631579
Hum_XLOC_004837,THP1,0,0.6973684210526316
Hum_XLOC_004839,THP1,0,0.138917004048583
Hum_XLOC_004855,THP1,0,0.7345647773279352
Hum_XLOC_004874,THP1,0,0.3044028340080972
Hum_XLOC_004875,THP1,0,0.5541497975708503
Hum_XLOC_004878,THP1,0,0.7441801619433199
Hum_XLOC_004884,THP1,0,0.5662955465587045
Hum_XLOC_004911,THP1,0,0.229251012145749
Hum_XLOC_004915,THP1,1,0.708755060728745
Hum_XLOC_004927,THP1,0,0.6581477732793521
Hum_XLOC_004929,THP1,0,0.4395242914979757
Hum_XLOC_004936,THP1,0,0.4519230769230769
Hum_XLOC_004957,THP1,0,0.27783400809716596
Hum_XLOC_004960,THP1,0,0.7512651821862348
Hum_XLOC_004965,THP1,0,0.16902834008097167
