embedding,cell_line,dims,pos_rate,auprc,enrichment,z,auprc_top10,pos_rate_top10
kmer4,HAP1,256,0.0428,0.064,1.259,8.9,0.2901,0.0891
kmer4,HEK293FT,256,0.0462,0.0435,0.809,-1.3,0.0615,0.0563
kmer4,K562,256,0.073,0.1496,2.02,24.4,0.2053,0.1164
kmer4,MDA-MB-231,256,0.0286,0.0466,1.918,9.1,0.1985,0.0944
kmer4,THP1,256,0.0368,0.0516,1.502,6.7,0.1958,0.1345
dnabert2_mean,HAP1,768,0.0428,0.0533,1.105,3.9,0.1905,0.0891
dnabert2_mean,HEK293FT,768,0.0462,0.0462,1.001,-0.3,0.0638,0.0563
dnabert2_mean,K562,768,0.073,0.1842,2.29,41.1,0.242,0.1164
dnabert2_mean,MDA-MB-231,768,0.0286,0.0495,1.561,11.3,0.211,0.0944
dnabert2_mean,THP1,768,0.0368,0.0454,1.354,3.9,0.1855,0.1345
dnabert2_last,HAP1,768,0.0428,0.0519,1.149,3.4,0.2173,0.0891
dnabert2_last,HEK293FT,768,0.0462,0.0492,1.035,1.2,0.0836,0.0563
dnabert2_last,K562,768,0.073,0.1524,2.131,27.0,0.1925,0.1164
dnabert2_last,MDA-MB-231,768,0.0286,0.0425,1.806,7.9,0.2006,0.0944
dnabert2_last,THP1,768,0.0368,0.0401,1.172,1.3,0.1442,0.1345
nt_mean,HAP1,512,0.0428,0.0448,1.05,0.6,0.1206,0.0891
nt_mean,HEK293FT,512,0.0462,0.0491,1.031,0.9,0.0785,0.0563
nt_mean,K562,512,0.073,0.1579,1.952,26.8,0.2128,0.1164
nt_mean,MDA-MB-231,512,0.0286,0.0352,1.316,3.2,0.132,0.0944
nt_mean,THP1,512,0.0368,0.0432,1.091,2.5,0.1744,0.1345
dev_atlas,HAP1,297,0.0428,0.0647,1.771,9.9,0.1539,0.0891
dev_atlas,HEK293FT,297,0.0462,0.0461,1.018,-0.2,0.071,0.0563
dev_atlas,K562,297,0.073,0.0876,1.128,4.6,0.1264,0.1164
dev_atlas,MDA-MB-231,297,0.0286,0.0674,2.731,22.1,0.173,0.0944
dev_atlas,THP1,297,0.0368,0.077,2.384,18.9,0.1819,0.1345
cellline_expr,HAP1,10,0.0428,0.0541,1.562,4.7,0.1348,0.0891
cellline_expr,HEK293FT,10,0.0462,0.0491,1.039,1.0,0.0661,0.0563
cellline_expr,K562,10,0.073,0.0845,1.046,3.4,0.1463,0.1164
cellline_expr,MDA-MB-231,10,0.0286,0.0422,1.761,6.6,0.1164,0.0944
cellline_expr,THP1,10,0.0368,0.0713,2.249,16.9,0.1617,0.1345
gc_length,HAP1,2,0.0428,0.0435,1.005,0.0,0.0904,0.0891
gc_length,HEK293FT,2,0.0462,0.0452,0.958,-0.6,0.0565,0.0563
gc_length,K562,2,0.073,0.1258,1.663,12.7,0.2265,0.1164
gc_length,MDA-MB-231,2,0.0286,0.0295,1.015,0.2,0.0984,0.0944
gc_length,THP1,2,0.0368,0.0367,0.99,-0.3,0.1296,0.1345
random,HAP1,64,0.0428,0.0456,1.07,0.9,0.096,0.0891
random,HEK293FT,64,0.0462,0.0469,1.035,0.1,0.0582,0.0563
random,K562,64,0.073,0.0707,0.959,-0.8,0.1114,0.1164
random,MDA-MB-231,64,0.0286,0.0279,0.925,-0.6,0.0835,0.0944
random,THP1,64,0.0368,0.0365,0.97,-0.4,0.1338,0.1345
