parent,hit,mm,parent_essential_in
Hum_XLOC_001490,Hum_XLOC_003796,0,K562
Hum_XLOC_003871,Hum_XLOC_003808,0,
Hum_XLOC_003871,Hum_XLOC_003814,0,
Hum_XLOC_003871,Hum_XLOC_003808,0,
Hum_XLOC_003871,Hum_XLOC_003814,0,
Hum_XLOC_003871,Hum_XLOC_003808,0,
Hum_XLOC_003871,Hum_XLOC_003814,1,
Hum_XLOC_003871,Hum_XLOC_003808,0,
Hum_XLOC_003871,Hum_XLOC_003814,0,
Hum_XLOC_003891,Hum_XLOC_001405,0,
Hum_XLOC_003891,Hum_XLOC_001405,0,
Hum_XLOC_003891,Hum_XLOC_001405,0,
Hum_XLOC_003891,Hum_XLOC_001405,0,
Hum_XLOC_003865,Hum_XLOC_001476,2,
Hum_XLOC_008036,Hum_XLOC_052654,2,
Hum_XLOC_023587,Hum_XLOC_003819,2,
Hum_XLOC_031733,Hum_XLOC_016001,2,
Hum_XLOC_036611,Hum_XLOC_051991,2,
Hum_XLOC_036617,Hum_XLOC_009594,1,
Hum_XLOC_039324,Hum_XLOC_001428,2,
Hum_XLOC_039454,Hum_XLOC_004994,2,
Hum_XLOC_050913,Hum_XLOC_052096,0,
Hum_XLOC_050913,Hum_XLOC_052097,0,
Hum_XLOC_050938,Hum_XLOC_052131,2,
Hum_XLOC_050913,Hum_XLOC_052096,1,
Hum_XLOC_050913,Hum_XLOC_052097,1,
Hum_XLOC_050938,Hum_XLOC_050976,2,
Hum_XLOC_052126,Hum_XLOC_050976,2,
Hum_XLOC_052126,Hum_XLOC_050976,2,
Hum_XLOC_001490,Hum_XLOC_003796,0,K562
Hum_XLOC_001490,Hum_XLOC_003796,1,K562
Hum_XLOC_003865,Hum_XLOC_003812,2,
Hum_XLOC_003865,Hum_XLOC_003814,2,
Hum_XLOC_006998,Hum_XLOC_006660,0,
Hum_XLOC_006998,Hum_XLOC_006660,0,
Hum_XLOC_016489,Hum_XLOC_023060,2,
Hum_XLOC_015410,Hum_XLOC_006657,2,
Hum_XLOC_024156,Hum_XLOC_050465,2,
Hum_XLOC_034585,Hum_XLOC_009167,2,
Hum_XLOC_035063,Hum_XLOC_019702,2,
Hum_XLOC_038994,Hum_XLOC_054571,2,
Hum_XLOC_039842,Hum_XLOC_008150,1,
Hum_XLOC_050913,Hum_XLOC_052096,1,
Hum_XLOC_050913,Hum_XLOC_052097,1,
Hum_XLOC_050938,Hum_XLOC_050976,0,
Hum_XLOC_050938,Hum_XLOC_050976,1,
Hum_XLOC_050938,Hum_XLOC_052131,2,
Hum_XLOC_050938,Hum_XLOC_052131,2,
Hum_XLOC_052126,Hum_XLOC_050976,2,
Hum_XLOC_052126,Hum_XLOC_052131,2,
