cluster,n,label,positives,embedding,z
all screened,5496,HAP1,235,kmer4,9.5
all screened,5496,HEK293FT,254,kmer4,-1.4
all screened,5496,K562,401,kmer4,27.2
all screened,5496,MDA-MB-231,157,kmer4,9.3
all screened,5496,THP1,202,kmer4,8.1
all screened,5496,any line,1012,kmer4,7.8
all screened,5496,HAP1,235,dnabert2_mean,4.7
all screened,5496,HEK293FT,254,dnabert2_mean,-0.2
all screened,5496,K562,401,dnabert2_mean,35.9
all screened,5496,MDA-MB-231,157,dnabert2_mean,11.4
all screened,5496,THP1,202,dnabert2_mean,3.3
all screened,5496,any line,1012,dnabert2_mean,8.5
all screened,5496,HAP1,235,dnabert2_last,3.3
all screened,5496,HEK293FT,254,dnabert2_last,0.9
all screened,5496,K562,401,dnabert2_last,25.7
all screened,5496,MDA-MB-231,157,dnabert2_last,6.3
all screened,5496,THP1,202,dnabert2_last,1.2
all screened,5496,any line,1012,dnabert2_last,8.3
all screened,5496,HAP1,235,nt_mean,0.7
all screened,5496,HEK293FT,254,nt_mean,1.0
all screened,5496,K562,401,nt_mean,25.0
all screened,5496,MDA-MB-231,157,nt_mean,3.1
all screened,5496,THP1,202,nt_mean,2.8
all screened,5496,any line,1012,nt_mean,6.9
all screened,5496,HAP1,235,dev_atlas,9.1
all screened,5496,HEK293FT,254,dev_atlas,-0.2
all screened,5496,K562,401,dev_atlas,4.5
all screened,5496,MDA-MB-231,157,dev_atlas,17.7
all screened,5496,THP1,202,dev_atlas,19.3
all screened,5496,any line,1012,dev_atlas,6.4
all screened,5496,HAP1,235,cellline_expr,4.2
all screened,5496,HEK293FT,254,cellline_expr,0.7
all screened,5496,K562,401,cellline_expr,3.3
all screened,5496,MDA-MB-231,157,cellline_expr,4.7
all screened,5496,THP1,202,cellline_expr,17.6
all screened,5496,any line,1012,cellline_expr,4.3
all screened,5496,HAP1,235,gc_length,0.1
all screened,5496,HEK293FT,254,gc_length,-0.6
all screened,5496,K562,401,gc_length,13.1
all screened,5496,MDA-MB-231,157,gc_length,0.2
all screened,5496,THP1,202,gc_length,-0.3
all screened,5496,any line,1012,gc_length,2.9
all screened,5496,HAP1,235,random,0.9
all screened,5496,HEK293FT,254,random,0.2
all screened,5496,K562,401,random,-0.7
all screened,5496,MDA-MB-231,157,random,-0.5
all screened,5496,THP1,202,random,-0.4
all screened,5496,any line,1012,random,-0.9
Testis (tau 0.98),1958,HAP1,66,kmer4,0.4
Testis (tau 0.98),1958,HEK293FT,93,kmer4,1.0
Testis (tau 0.98),1958,K562,117,kmer4,7.6
Testis (tau 0.98),1958,MDA-MB-231,34,kmer4,1.1
Testis (tau 0.98),1958,THP1,50,kmer4,-0.6
Testis (tau 0.98),1958,any line,315,kmer4,2.9
Testis (tau 0.98),1958,HAP1,66,dnabert2_mean,-0.1
Testis (tau 0.98),1958,HEK293FT,93,dnabert2_mean,-0.6
Testis (tau 0.98),1958,K562,117,dnabert2_mean,7.6
Testis (tau 0.98),1958,MDA-MB-231,34,dnabert2_mean,-0.7
Testis (tau 0.98),1958,THP1,50,dnabert2_mean,-0.3
Testis (tau 0.98),1958,any line,315,dnabert2_mean,2.2
Testis (tau 0.98),1958,HAP1,66,dnabert2_last,1.2
Testis (tau 0.98),1958,HEK293FT,93,dnabert2_last,-0.7
Testis (tau 0.98),1958,K562,117,dnabert2_last,5.5
Testis (tau 0.98),1958,MDA-MB-231,34,dnabert2_last,0.6
Testis (tau 0.98),1958,THP1,50,dnabert2_last,-0.2
Testis (tau 0.98),1958,any line,315,dnabert2_last,2.4
Testis (tau 0.98),1958,HAP1,66,nt_mean,-0.4
Testis (tau 0.98),1958,HEK293FT,93,nt_mean,-0.2
Testis (tau 0.98),1958,K562,117,nt_mean,7.0
Testis (tau 0.98),1958,MDA-MB-231,34,nt_mean,1.9
Testis (tau 0.98),1958,THP1,50,nt_mean,-0.4
Testis (tau 0.98),1958,any line,315,nt_mean,2.8
Testis (tau 0.98),1958,HAP1,66,dev_atlas,0.5
Testis (tau 0.98),1958,HEK293FT,93,dev_atlas,-1.2
Testis (tau 0.98),1958,K562,117,dev_atlas,1.2
Testis (tau 0.98),1958,MDA-MB-231,34,dev_atlas,0.3
Testis (tau 0.98),1958,THP1,50,dev_atlas,-0.6
Testis (tau 0.98),1958,any line,315,dev_atlas,0.6
Testis (tau 0.98),1958,HAP1,66,cellline_expr,-0.0
Testis (tau 0.98),1958,HEK293FT,93,cellline_expr,0.3
Testis (tau 0.98),1958,K562,117,cellline_expr,-0.3
Testis (tau 0.98),1958,MDA-MB-231,34,cellline_expr,0.6
Testis (tau 0.98),1958,THP1,50,cellline_expr,0.3
Testis (tau 0.98),1958,any line,315,cellline_expr,0.5
Testis (tau 0.98),1958,HAP1,66,gc_length,-0.9
Testis (tau 0.98),1958,HEK293FT,93,gc_length,-0.3
Testis (tau 0.98),1958,K562,117,gc_length,2.0
Testis (tau 0.98),1958,MDA-MB-231,34,gc_length,3.0
Testis (tau 0.98),1958,THP1,50,gc_length,-0.9
Testis (tau 0.98),1958,any line,315,gc_length,0.8
Testis (tau 0.98),1958,HAP1,66,random,0.5
Testis (tau 0.98),1958,HEK293FT,93,random,0.4
Testis (tau 0.98),1958,K562,117,random,-0.6
Testis (tau 0.98),1958,MDA-MB-231,34,random,0.8
Testis (tau 0.98),1958,THP1,50,random,0.2
Testis (tau 0.98),1958,any line,315,random,0.4
Testis+Ovary (tau 0.75),1464,HAP1,85,kmer4,-0.2
Testis+Ovary (tau 0.75),1464,HEK293FT,65,kmer4,0.3
Testis+Ovary (tau 0.75),1464,K562,112,kmer4,10.1
Testis+Ovary (tau 0.75),1464,MDA-MB-231,50,kmer4,0.0
Testis+Ovary (tau 0.75),1464,THP1,79,kmer4,-0.1
Testis+Ovary (tau 0.75),1464,any line,302,kmer4,0.8
Testis+Ovary (tau 0.75),1464,HAP1,85,dnabert2_mean,0.9
Testis+Ovary (tau 0.75),1464,HEK293FT,65,dnabert2_mean,0.8
Testis+Ovary (tau 0.75),1464,K562,112,dnabert2_mean,15.1
Testis+Ovary (tau 0.75),1464,MDA-MB-231,50,dnabert2_mean,-0.8
Testis+Ovary (tau 0.75),1464,THP1,79,dnabert2_mean,0.7
Testis+Ovary (tau 0.75),1464,any line,302,dnabert2_mean,2.4
Testis+Ovary (tau 0.75),1464,HAP1,85,dnabert2_last,0.2
Testis+Ovary (tau 0.75),1464,HEK293FT,65,dnabert2_last,0.7
Testis+Ovary (tau 0.75),1464,K562,112,dnabert2_last,11.6
Testis+Ovary (tau 0.75),1464,MDA-MB-231,50,dnabert2_last,1.6
Testis+Ovary (tau 0.75),1464,THP1,79,dnabert2_last,-1.5
Testis+Ovary (tau 0.75),1464,any line,302,dnabert2_last,2.9
Testis+Ovary (tau 0.75),1464,HAP1,85,nt_mean,0.1
Testis+Ovary (tau 0.75),1464,HEK293FT,65,nt_mean,-0.3
Testis+Ovary (tau 0.75),1464,K562,112,nt_mean,7.2
Testis+Ovary (tau 0.75),1464,MDA-MB-231,50,nt_mean,0.0
Testis+Ovary (tau 0.75),1464,THP1,79,nt_mean,-0.5
Testis+Ovary (tau 0.75),1464,any line,302,nt_mean,1.8
Testis+Ovary (tau 0.75),1464,HAP1,85,dev_atlas,4.8
Testis+Ovary (tau 0.75),1464,HEK293FT,65,dev_atlas,-0.7
Testis+Ovary (tau 0.75),1464,K562,112,dev_atlas,1.8
Testis+Ovary (tau 0.75),1464,MDA-MB-231,50,dev_atlas,9.6
Testis+Ovary (tau 0.75),1464,THP1,79,dev_atlas,17.1
Testis+Ovary (tau 0.75),1464,any line,302,dev_atlas,4.6
Testis+Ovary (tau 0.75),1464,HAP1,85,cellline_expr,2.3
Testis+Ovary (tau 0.75),1464,HEK293FT,65,cellline_expr,1.0
Testis+Ovary (tau 0.75),1464,K562,112,cellline_expr,0.9
Testis+Ovary (tau 0.75),1464,MDA-MB-231,50,cellline_expr,2.0
Testis+Ovary (tau 0.75),1464,THP1,79,cellline_expr,8.0
Testis+Ovary (tau 0.75),1464,any line,302,cellline_expr,3.4
Testis+Ovary (tau 0.75),1464,HAP1,85,gc_length,-0.5
Testis+Ovary (tau 0.75),1464,HEK293FT,65,gc_length,-0.9
Testis+Ovary (tau 0.75),1464,K562,112,gc_length,5.6
Testis+Ovary (tau 0.75),1464,MDA-MB-231,50,gc_length,0.4
Testis+Ovary (tau 0.75),1464,THP1,79,gc_length,-0.3
Testis+Ovary (tau 0.75),1464,any line,302,gc_length,-0.2
Testis+Ovary (tau 0.75),1464,HAP1,85,random,-0.4
Testis+Ovary (tau 0.75),1464,HEK293FT,65,random,-0.5
Testis+Ovary (tau 0.75),1464,K562,112,random,-0.2
Testis+Ovary (tau 0.75),1464,MDA-MB-231,50,random,-0.0
Testis+Ovary (tau 0.75),1464,THP1,79,random,-0.4
Testis+Ovary (tau 0.75),1464,any line,302,random,0.0
Cerebellum+Brain (tau 0.73),1208,HAP1,56,kmer4,-0.4
Cerebellum+Brain (tau 0.73),1208,HEK293FT,56,kmer4,-0.3
Cerebellum+Brain (tau 0.73),1208,K562,90,kmer4,11.0
Cerebellum+Brain (tau 0.73),1208,MDA-MB-231,45,kmer4,0.6
Cerebellum+Brain (tau 0.73),1208,THP1,47,kmer4,1.9
Cerebellum+Brain (tau 0.73),1208,any line,240,kmer4,3.1
Cerebellum+Brain (tau 0.73),1208,HAP1,56,dnabert2_mean,-1.0
Cerebellum+Brain (tau 0.73),1208,HEK293FT,56,dnabert2_mean,1.6
Cerebellum+Brain (tau 0.73),1208,K562,90,dnabert2_mean,10.9
Cerebellum+Brain (tau 0.73),1208,MDA-MB-231,45,dnabert2_mean,0.4
Cerebellum+Brain (tau 0.73),1208,THP1,47,dnabert2_mean,-0.3
Cerebellum+Brain (tau 0.73),1208,any line,240,dnabert2_mean,5.2
Cerebellum+Brain (tau 0.73),1208,HAP1,56,dnabert2_last,0.4
Cerebellum+Brain (tau 0.73),1208,HEK293FT,56,dnabert2_last,2.9
Cerebellum+Brain (tau 0.73),1208,K562,90,dnabert2_last,7.9
Cerebellum+Brain (tau 0.73),1208,MDA-MB-231,45,dnabert2_last,2.0
Cerebellum+Brain (tau 0.73),1208,THP1,47,dnabert2_last,-0.6
Cerebellum+Brain (tau 0.73),1208,any line,240,dnabert2_last,3.0
Cerebellum+Brain (tau 0.73),1208,HAP1,56,nt_mean,-1.4
Cerebellum+Brain (tau 0.73),1208,HEK293FT,56,nt_mean,1.6
Cerebellum+Brain (tau 0.73),1208,K562,90,nt_mean,12.0
Cerebellum+Brain (tau 0.73),1208,MDA-MB-231,45,nt_mean,0.9
Cerebellum+Brain (tau 0.73),1208,THP1,47,nt_mean,0.1
Cerebellum+Brain (tau 0.73),1208,any line,240,nt_mean,3.4
Cerebellum+Brain (tau 0.73),1208,HAP1,56,dev_atlas,-0.2
Cerebellum+Brain (tau 0.73),1208,HEK293FT,56,dev_atlas,0.0
Cerebellum+Brain (tau 0.73),1208,K562,90,dev_atlas,-0.1
Cerebellum+Brain (tau 0.73),1208,MDA-MB-231,45,dev_atlas,2.1
Cerebellum+Brain (tau 0.73),1208,THP1,47,dev_atlas,0.5
Cerebellum+Brain (tau 0.73),1208,any line,240,dev_atlas,-0.1
Cerebellum+Brain (tau 0.73),1208,HAP1,56,cellline_expr,0.8
Cerebellum+Brain (tau 0.73),1208,HEK293FT,56,cellline_expr,-1.8
Cerebellum+Brain (tau 0.73),1208,K562,90,cellline_expr,0.8
Cerebellum+Brain (tau 0.73),1208,MDA-MB-231,45,cellline_expr,0.9
Cerebellum+Brain (tau 0.73),1208,THP1,47,cellline_expr,1.6
Cerebellum+Brain (tau 0.73),1208,any line,240,cellline_expr,-1.2
Cerebellum+Brain (tau 0.73),1208,HAP1,56,gc_length,-0.2
Cerebellum+Brain (tau 0.73),1208,HEK293FT,56,gc_length,-0.4
Cerebellum+Brain (tau 0.73),1208,K562,90,gc_length,2.8
Cerebellum+Brain (tau 0.73),1208,MDA-MB-231,45,gc_length,0.3
Cerebellum+Brain (tau 0.73),1208,THP1,47,gc_length,0.4
Cerebellum+Brain (tau 0.73),1208,any line,240,gc_length,0.6
Cerebellum+Brain (tau 0.73),1208,HAP1,56,random,1.0
Cerebellum+Brain (tau 0.73),1208,HEK293FT,56,random,0.8
Cerebellum+Brain (tau 0.73),1208,K562,90,random,0.1
Cerebellum+Brain (tau 0.73),1208,MDA-MB-231,45,random,1.2
Cerebellum+Brain (tau 0.73),1208,THP1,47,random,0.5
Cerebellum+Brain (tau 0.73),1208,any line,240,random,2.0
Liver (tau 0.86),584,HAP1,24,kmer4,6.1
Liver (tau 0.86),584,HEK293FT,28,kmer4,-0.0
Liver (tau 0.86),584,K562,58,kmer4,10.0
Liver (tau 0.86),584,MDA-MB-231,25,kmer4,3.4
Liver (tau 0.86),584,THP1,19,kmer4,6.0
Liver (tau 0.86),584,any line,111,kmer4,3.9
Liver (tau 0.86),584,HAP1,24,dnabert2_mean,9.2
Liver (tau 0.86),584,HEK293FT,28,dnabert2_mean,0.3
Liver (tau 0.86),584,K562,58,dnabert2_mean,11.4
Liver (tau 0.86),584,MDA-MB-231,25,dnabert2_mean,2.1
Liver (tau 0.86),584,THP1,19,dnabert2_mean,1.8
Liver (tau 0.86),584,any line,111,dnabert2_mean,4.6
Liver (tau 0.86),584,HAP1,24,dnabert2_last,1.0
Liver (tau 0.86),584,HEK293FT,28,dnabert2_last,1.7
Liver (tau 0.86),584,K562,58,dnabert2_last,14.4
Liver (tau 0.86),584,MDA-MB-231,25,dnabert2_last,1.5
Liver (tau 0.86),584,THP1,19,dnabert2_last,3.8
Liver (tau 0.86),584,any line,111,dnabert2_last,4.1
Liver (tau 0.86),584,HAP1,24,nt_mean,3.3
Liver (tau 0.86),584,HEK293FT,28,nt_mean,0.2
Liver (tau 0.86),584,K562,58,nt_mean,9.5
Liver (tau 0.86),584,MDA-MB-231,25,nt_mean,1.3
Liver (tau 0.86),584,THP1,19,nt_mean,4.7
Liver (tau 0.86),584,any line,111,nt_mean,2.3
Liver (tau 0.86),584,HAP1,24,dev_atlas,4.9
Liver (tau 0.86),584,HEK293FT,28,dev_atlas,2.9
Liver (tau 0.86),584,K562,58,dev_atlas,2.9
Liver (tau 0.86),584,MDA-MB-231,25,dev_atlas,7.1
Liver (tau 0.86),584,THP1,19,dev_atlas,8.4
Liver (tau 0.86),584,any line,111,dev_atlas,3.5
Liver (tau 0.86),584,HAP1,24,cellline_expr,0.5
Liver (tau 0.86),584,HEK293FT,28,cellline_expr,2.0
Liver (tau 0.86),584,K562,58,cellline_expr,7.3
Liver (tau 0.86),584,MDA-MB-231,25,cellline_expr,5.7
Liver (tau 0.86),584,THP1,19,cellline_expr,7.5
Liver (tau 0.86),584,any line,111,cellline_expr,5.4
Liver (tau 0.86),584,HAP1,24,gc_length,0.4
Liver (tau 0.86),584,HEK293FT,28,gc_length,0.1
Liver (tau 0.86),584,K562,58,gc_length,4.1
Liver (tau 0.86),584,MDA-MB-231,25,gc_length,-0.3
Liver (tau 0.86),584,THP1,19,gc_length,1.3
Liver (tau 0.86),584,any line,111,gc_length,0.7
Liver (tau 0.86),584,HAP1,24,random,3.2
Liver (tau 0.86),584,HEK293FT,28,random,-0.1
Liver (tau 0.86),584,K562,58,random,-0.0
Liver (tau 0.86),584,MDA-MB-231,25,random,-0.4
Liver (tau 0.86),584,THP1,19,random,-0.3
Liver (tau 0.86),584,any line,111,random,-0.2
not expressed,282,K562,24,kmer4,3.6
not expressed,282,any line,44,kmer4,2.2
not expressed,282,K562,24,dnabert2_mean,5.1
not expressed,282,any line,44,dnabert2_mean,1.7
not expressed,282,K562,24,dnabert2_last,5.2
not expressed,282,any line,44,dnabert2_last,1.7
not expressed,282,K562,24,nt_mean,3.9
not expressed,282,any line,44,nt_mean,0.6
not expressed,282,K562,24,dev_atlas,0.4
not expressed,282,any line,44,dev_atlas,1.9
not expressed,282,K562,24,cellline_expr,0.7
not expressed,282,any line,44,cellline_expr,0.9
not expressed,282,K562,24,gc_length,3.4
not expressed,282,any line,44,gc_length,0.9
not expressed,282,K562,24,random,-0.7
not expressed,282,any line,44,random,-0.7
