target,cell_line,y_pred_proba
Hum_XLOC_000006,HAP1,0.053
Hum_XLOC_000008,HAP1,0.053
Hum_XLOC_000016,HAP1,0.053
Hum_XLOC_000030,HAP1,0.053
Hum_XLOC_000033,HAP1,0.053
Hum_XLOC_000039,HAP1,0.053
Hum_XLOC_000053,HAP1,0.053
Hum_XLOC_000057,HAP1,0.053
Hum_XLOC_000060,HAP1,0.053
Hum_XLOC_000080,HAP1,0.053
Hum_XLOC_000094,HAP1,0.053
Hum_XLOC_000100,HAP1,0.053
Hum_XLOC_000105,HAP1,0.053
Hum_XLOC_000107,HAP1,0.053
Hum_XLOC_000111,HAP1,0.053
Hum_XLOC_000134,HAP1,0.053
Hum_XLOC_000143,HAP1,0.053
Hum_XLOC_000145,HAP1,0.053
Hum_XLOC_000149,HAP1,0.053
Hum_XLOC_000155,HAP1,0.053
Hum_XLOC_000169,HAP1,0.053
Hum_XLOC_000170,HAP1,0.053
Hum_XLOC_000194,HAP1,0.053
Hum_XLOC_000201,HAP1,0.053
Hum_XLOC_000231,HAP1,0.053
Hum_XLOC_000233,HAP1,0.053
Hum_XLOC_000245,HAP1,0.053
Hum_XLOC_000247,HAP1,0.053
Hum_XLOC_000248,HAP1,0.053
Hum_XLOC_000265,HAP1,0.053
Hum_XLOC_000282,HAP1,0.053
Hum_XLOC_000286,HAP1,0.053
Hum_XLOC_000292,HAP1,0.053
Hum_XLOC_000307,HAP1,0.053
Hum_XLOC_000308,HAP1,0.053
Hum_XLOC_000312,HAP1,0.053
Hum_XLOC_000314,HAP1,0.053
Hum_XLOC_000317,HAP1,0.053
Hum_XLOC_000319,HAP1,0.053
Hum_XLOC_000332,HAP1,0.053
Hum_XLOC_000338,HAP1,0.053
Hum_XLOC_000342,HAP1,0.053
Hum_XLOC_000345,HAP1,0.053
Hum_XLOC_000362,HAP1,0.053
Hum_XLOC_000377,HAP1,0.053
Hum_XLOC_000390,HAP1,0.053
Hum_XLOC_000394,HAP1,0.053
Hum_XLOC_000411,HAP1,0.053
Hum_XLOC_000415,HAP1,0.053
Hum_XLOC_000430,HAP1,0.053
Hum_XLOC_000436,HAP1,0.053
Hum_XLOC_000437,HAP1,0.053
Hum_XLOC_000456,HAP1,0.053
Hum_XLOC_000461,HAP1,0.053
Hum_XLOC_000462,HAP1,0.053
Hum_XLOC_000465,HAP1,0.053
Hum_XLOC_000472,HAP1,0.053
Hum_XLOC_000474,HAP1,0.053
Hum_XLOC_000478,HAP1,0.053
Hum_XLOC_000486,HAP1,0.053
Hum_XLOC_000490,HAP1,0.053
Hum_XLOC_000498,HAP1,0.053
Hum_XLOC_000500,HAP1,0.053
Hum_XLOC_000510,HAP1,0.053
Hum_XLOC_000535,HAP1,0.053
Hum_XLOC_000540,HAP1,0.053
Hum_XLOC_000556,HAP1,0.053
Hum_XLOC_000574,HAP1,0.053
Hum_XLOC_000575,HAP1,0.053
Hum_XLOC_000582,HAP1,0.053
Hum_XLOC_000590,HAP1,0.053
Hum_XLOC_000601,HAP1,0.053
Hum_XLOC_000604,HAP1,0.053
Hum_XLOC_000608,HAP1,0.053
Hum_XLOC_000612,HAP1,0.053
Hum_XLOC_000636,HAP1,0.053
Hum_XLOC_000638,HAP1,0.053
Hum_XLOC_000641,HAP1,0.053
Hum_XLOC_000655,HAP1,0.053
Hum_XLOC_000668,HAP1,0.053
Hum_XLOC_000680,HAP1,0.053
Hum_XLOC_000681,HAP1,0.053
Hum_XLOC_000695,HAP1,0.053
Hum_XLOC_000702,HAP1,0.053
Hum_XLOC_000726,HAP1,0.053
Hum_XLOC_000727,HAP1,0.053
Hum_XLOC_000758,HAP1,0.053
Hum_XLOC_000773,HAP1,0.053
Hum_XLOC_000774,HAP1,0.053
Hum_XLOC_000797,HAP1,0.053
Hum_XLOC_000799,HAP1,0.053
Hum_XLOC_000800,HAP1,0.053
Hum_XLOC_000807,HAP1,0.053
Hum_XLOC_000818,HAP1,0.053
Hum_XLOC_000828,HAP1,0.053
Hum_XLOC_000831,HAP1,0.053
Hum_XLOC_000835,HAP1,0.053
Hum_XLOC_000840,HAP1,0.053
Hum_XLOC_000841,HAP1,0.053
Hum_XLOC_000842,HAP1,0.053
Hum_XLOC_000854,HAP1,0.053
Hum_XLOC_000855,HAP1,0.053
Hum_XLOC_000883,HAP1,0.053
Hum_XLOC_000885,HAP1,0.053
Hum_XLOC_000905,HAP1,0.053
Hum_XLOC_000917,HAP1,0.053
Hum_XLOC_000925,HAP1,0.053
Hum_XLOC_000944,HAP1,0.053
Hum_XLOC_000949,HAP1,0.053
Hum_XLOC_000953,HAP1,0.053
Hum_XLOC_000964,HAP1,0.053
Hum_XLOC_000990,HAP1,0.053
Hum_XLOC_000994,HAP1,0.053
Hum_XLOC_001020,HAP1,0.053
Hum_XLOC_001029,HAP1,0.053
Hum_XLOC_001066,HAP1,0.053
Hum_XLOC_001120,HAP1,0.053
Hum_XLOC_001121,HAP1,0.053
Hum_XLOC_001122,HAP1,0.053
Hum_XLOC_001125,HAP1,0.053
Hum_XLOC_001132,HAP1,0.053
Hum_XLOC_001138,HAP1,0.053
Hum_XLOC_001144,HAP1,0.053
Hum_XLOC_001146,HAP1,0.053
Hum_XLOC_001188,HAP1,0.053
Hum_XLOC_001191,HAP1,0.053
Hum_XLOC_001192,HAP1,0.053
Hum_XLOC_001217,HAP1,0.053
Hum_XLOC_001222,HAP1,0.053
Hum_XLOC_001228,HAP1,0.053
Hum_XLOC_001230,HAP1,0.053
Hum_XLOC_001237,HAP1,0.053
Hum_XLOC_001243,HAP1,0.053
Hum_XLOC_001275,HAP1,0.053
Hum_XLOC_001279,HAP1,0.053
Hum_XLOC_001291,HAP1,0.053
Hum_XLOC_001296,HAP1,0.053
Hum_XLOC_001297,HAP1,0.053
Hum_XLOC_001309,HAP1,0.053
Hum_XLOC_001329,HAP1,0.053
Hum_XLOC_001330,HAP1,0.053
Hum_XLOC_001355,HAP1,0.053
Hum_XLOC_001366,HAP1,0.053
Hum_XLOC_001367,HAP1,0.053
Hum_XLOC_001375,HAP1,0.053
Hum_XLOC_001390,HAP1,0.053
Hum_XLOC_001405,HAP1,0.053
Hum_XLOC_001461,HAP1,0.053
Hum_XLOC_001465,HAP1,0.053
Hum_XLOC_001488,HAP1,0.053
Hum_XLOC_001490,HAP1,0.053
Hum_XLOC_001509,HAP1,0.053
Hum_XLOC_001516,HAP1,0.053
Hum_XLOC_001532,HAP1,0.053
Hum_XLOC_001539,HAP1,0.053
Hum_XLOC_001541,HAP1,0.053
Hum_XLOC_001542,HAP1,0.053
Hum_XLOC_001548,HAP1,0.053
Hum_XLOC_001559,HAP1,0.053
Hum_XLOC_001565,HAP1,0.053
Hum_XLOC_001566,HAP1,0.053
Hum_XLOC_001575,HAP1,0.053
Hum_XLOC_001580,HAP1,0.053
Hum_XLOC_001590,HAP1,0.053
Hum_XLOC_001615,HAP1,0.053
Hum_XLOC_001624,HAP1,0.053
Hum_XLOC_001639,HAP1,0.053
Hum_XLOC_001661,HAP1,0.053
Hum_XLOC_001666,HAP1,0.053
Hum_XLOC_001668,HAP1,0.053
Hum_XLOC_001688,HAP1,0.053
Hum_XLOC_001689,HAP1,0.053
Hum_XLOC_001695,HAP1,0.053
Hum_XLOC_001696,HAP1,0.053
Hum_XLOC_001698,HAP1,0.053
Hum_XLOC_001707,HAP1,0.053
Hum_XLOC_001760,HAP1,0.053
Hum_XLOC_001761,HAP1,0.053
Hum_XLOC_001773,HAP1,0.053
Hum_XLOC_001775,HAP1,0.053
Hum_XLOC_001779,HAP1,0.053
Hum_XLOC_001783,HAP1,0.053
Hum_XLOC_001791,HAP1,0.053
Hum_XLOC_001805,HAP1,0.053
Hum_XLOC_001809,HAP1,0.053
Hum_XLOC_001848,HAP1,0.053
Hum_XLOC_001919,HAP1,0.053
Hum_XLOC_001941,HAP1,0.053
Hum_XLOC_001942,HAP1,0.053
Hum_XLOC_001949,HAP1,0.053
Hum_XLOC_001950,HAP1,0.053
Hum_XLOC_001953,HAP1,0.053
Hum_XLOC_001957,HAP1,0.053
Hum_XLOC_001961,HAP1,0.053
Hum_XLOC_001969,HAP1,0.053
Hum_XLOC_002024,HAP1,0.053
Hum_XLOC_002028,HAP1,0.053
Hum_XLOC_002033,HAP1,0.053
Hum_XLOC_002036,HAP1,0.053
Hum_XLOC_002037,HAP1,0.053
Hum_XLOC_002041,HAP1,0.053
Hum_XLOC_002059,HAP1,0.053
Hum_XLOC_002061,HAP1,0.053
Hum_XLOC_002068,HAP1,0.053
Hum_XLOC_002081,HAP1,0.053
Hum_XLOC_002093,HAP1,0.053
Hum_XLOC_002099,HAP1,0.053
Hum_XLOC_002144,HAP1,0.053
Hum_XLOC_002150,HAP1,0.053
Hum_XLOC_002152,HAP1,0.053
Hum_XLOC_002154,HAP1,0.053
Hum_XLOC_002169,HAP1,0.053
Hum_XLOC_002170,HAP1,0.053
Hum_XLOC_002176,HAP1,0.053
Hum_XLOC_002178,HAP1,0.053
Hum_XLOC_002186,HAP1,0.053
Hum_XLOC_002204,HAP1,0.053
Hum_XLOC_002205,HAP1,0.053
Hum_XLOC_002219,HAP1,0.053
Hum_XLOC_002244,HAP1,0.053
Hum_XLOC_002252,HAP1,0.053
Hum_XLOC_002261,HAP1,0.053
Hum_XLOC_002262,HAP1,0.053
Hum_XLOC_002265,HAP1,0.053
Hum_XLOC_002271,HAP1,0.053
Hum_XLOC_002280,HAP1,0.053
Hum_XLOC_002282,HAP1,0.053
Hum_XLOC_002283,HAP1,0.053
Hum_XLOC_002284,HAP1,0.053
Hum_XLOC_002294,HAP1,0.053
Hum_XLOC_002296,HAP1,0.053
Hum_XLOC_002299,HAP1,0.053
Hum_XLOC_002301,HAP1,0.053
Hum_XLOC_002306,HAP1,0.053
Hum_XLOC_002311,HAP1,0.053
Hum_XLOC_002313,HAP1,0.053
Hum_XLOC_002314,HAP1,0.053
Hum_XLOC_002327,HAP1,0.053
Hum_XLOC_002330,HAP1,0.053
Hum_XLOC_002338,HAP1,0.053
Hum_XLOC_002344,HAP1,0.053
Hum_XLOC_002347,HAP1,0.053
Hum_XLOC_002348,HAP1,0.053
Hum_XLOC_002362,HAP1,0.053
Hum_XLOC_002364,HAP1,0.053
Hum_XLOC_002383,HAP1,0.053
Hum_XLOC_002386,HAP1,0.053
Hum_XLOC_002390,HAP1,0.053
Hum_XLOC_002394,HAP1,0.053
Hum_XLOC_002398,HAP1,0.053
Hum_XLOC_002399,HAP1,0.053
Hum_XLOC_002408,HAP1,0.053
Hum_XLOC_002414,HAP1,0.053
Hum_XLOC_002418,HAP1,0.053
Hum_XLOC_002435,HAP1,0.053
Hum_XLOC_002440,HAP1,0.053
Hum_XLOC_002489,HAP1,0.053
Hum_XLOC_002490,HAP1,0.053
Hum_XLOC_002493,HAP1,0.053
Hum_XLOC_002520,HAP1,0.053
Hum_XLOC_002524,HAP1,0.053
Hum_XLOC_002546,HAP1,0.053
Hum_XLOC_002560,HAP1,0.053
Hum_XLOC_002570,HAP1,0.053
Hum_XLOC_002577,HAP1,0.053
Hum_XLOC_002579,HAP1,0.053
Hum_XLOC_002586,HAP1,0.053
Hum_XLOC_002589,HAP1,0.053
Hum_XLOC_002629,HAP1,0.053
Hum_XLOC_002631,HAP1,0.053
Hum_XLOC_002635,HAP1,0.053
Hum_XLOC_002644,HAP1,0.053
Hum_XLOC_002646,HAP1,0.053
Hum_XLOC_002653,HAP1,0.053
Hum_XLOC_002681,HAP1,0.053
Hum_XLOC_002695,HAP1,0.053
Hum_XLOC_002702,HAP1,0.053
Hum_XLOC_002705,HAP1,0.053
Hum_XLOC_002711,HAP1,0.053
Hum_XLOC_002714,HAP1,0.053
Hum_XLOC_002717,HAP1,0.053
Hum_XLOC_002725,HAP1,0.053
Hum_XLOC_002741,HAP1,0.053
Hum_XLOC_002742,HAP1,0.053
Hum_XLOC_002744,HAP1,0.053
Hum_XLOC_002760,HAP1,0.053
Hum_XLOC_002788,HAP1,0.053
Hum_XLOC_002792,HAP1,0.053
Hum_XLOC_002796,HAP1,0.053
Hum_XLOC_002817,HAP1,0.053
Hum_XLOC_002836,HAP1,0.053
Hum_XLOC_002844,HAP1,0.053
Hum_XLOC_002845,HAP1,0.053
Hum_XLOC_002859,HAP1,0.053
Hum_XLOC_002889,HAP1,0.053
Hum_XLOC_002911,HAP1,0.053
Hum_XLOC_002935,HAP1,0.053
Hum_XLOC_002937,HAP1,0.053
Hum_XLOC_002967,HAP1,0.053
Hum_XLOC_002983,HAP1,0.053
Hum_XLOC_002986,HAP1,0.053
Hum_XLOC_002990,HAP1,0.053
Hum_XLOC_003039,HAP1,0.053
Hum_XLOC_003061,HAP1,0.053
Hum_XLOC_003086,HAP1,0.053
Hum_XLOC_003099,HAP1,0.053
Hum_XLOC_003109,HAP1,0.053
Hum_XLOC_003128,HAP1,0.053
Hum_XLOC_003134,HAP1,0.053
Hum_XLOC_003137,HAP1,0.053
Hum_XLOC_003154,HAP1,0.053
Hum_XLOC_003155,HAP1,0.053
Hum_XLOC_003171,HAP1,0.053
Hum_XLOC_003209,HAP1,0.053
Hum_XLOC_003215,HAP1,0.053
Hum_XLOC_003221,HAP1,0.053
Hum_XLOC_003232,HAP1,0.053
Hum_XLOC_003268,HAP1,0.053
Hum_XLOC_003269,HAP1,0.053
Hum_XLOC_003286,HAP1,0.053
Hum_XLOC_003290,HAP1,0.053
Hum_XLOC_003294,HAP1,0.053
Hum_XLOC_003321,HAP1,0.053
Hum_XLOC_003324,HAP1,0.053
Hum_XLOC_003334,HAP1,0.053
Hum_XLOC_003337,HAP1,0.053
Hum_XLOC_003338,HAP1,0.053
Hum_XLOC_003352,HAP1,0.053
Hum_XLOC_003357,HAP1,0.053
Hum_XLOC_003361,HAP1,0.053
Hum_XLOC_003371,HAP1,0.053
Hum_XLOC_003381,HAP1,0.053
Hum_XLOC_003408,HAP1,0.053
Hum_XLOC_003436,HAP1,0.053
Hum_XLOC_003440,HAP1,0.053
Hum_XLOC_003450,HAP1,0.053
Hum_XLOC_003466,HAP1,0.053
Hum_XLOC_003488,HAP1,0.053
Hum_XLOC_003491,HAP1,0.053
Hum_XLOC_003497,HAP1,0.053
Hum_XLOC_003498,HAP1,0.053
Hum_XLOC_003502,HAP1,0.053
Hum_XLOC_003518,HAP1,0.053
Hum_XLOC_003532,HAP1,0.053
Hum_XLOC_003543,HAP1,0.053
Hum_XLOC_003554,HAP1,0.053
Hum_XLOC_003563,HAP1,0.053
Hum_XLOC_003567,HAP1,0.053
Hum_XLOC_003568,HAP1,0.053
Hum_XLOC_003570,HAP1,0.053
Hum_XLOC_003571,HAP1,0.053
Hum_XLOC_003593,HAP1,0.053
Hum_XLOC_003594,HAP1,0.053
Hum_XLOC_003598,HAP1,0.053
Hum_XLOC_003626,HAP1,0.053
Hum_XLOC_003628,HAP1,0.053
Hum_XLOC_003630,HAP1,0.053
Hum_XLOC_003641,HAP1,0.053
Hum_XLOC_003662,HAP1,0.053
Hum_XLOC_003665,HAP1,0.053
Hum_XLOC_003672,HAP1,0.053
Hum_XLOC_003673,HAP1,0.053
Hum_XLOC_003674,HAP1,0.053
Hum_XLOC_003676,HAP1,0.053
Hum_XLOC_003686,HAP1,0.053
Hum_XLOC_003697,HAP1,0.053
Hum_XLOC_003717,HAP1,0.053
Hum_XLOC_003725,HAP1,0.053
Hum_XLOC_003743,HAP1,0.053
Hum_XLOC_003754,HAP1,0.053
Hum_XLOC_003766,HAP1,0.053
Hum_XLOC_003775,HAP1,0.053
Hum_XLOC_003790,HAP1,0.053
Hum_XLOC_003799,HAP1,0.053
Hum_XLOC_003853,HAP1,0.053
Hum_XLOC_003865,HAP1,0.053
Hum_XLOC_003871,HAP1,0.053
Hum_XLOC_003891,HAP1,0.053
Hum_XLOC_003892,HAP1,0.053
Hum_XLOC_003910,HAP1,0.053
Hum_XLOC_003911,HAP1,0.053
Hum_XLOC_003952,HAP1,0.053
Hum_XLOC_003971,HAP1,0.053
Hum_XLOC_003988,HAP1,0.053
Hum_XLOC_004020,HAP1,0.053
Hum_XLOC_004035,HAP1,0.053
Hum_XLOC_004036,HAP1,0.053
Hum_XLOC_004048,HAP1,0.053
Hum_XLOC_004068,HAP1,0.053
Hum_XLOC_004069,HAP1,0.053
Hum_XLOC_004095,HAP1,0.053
Hum_XLOC_004096,HAP1,0.053
Hum_XLOC_004116,HAP1,0.053
Hum_XLOC_004123,HAP1,0.053
Hum_XLOC_004134,HAP1,0.053
Hum_XLOC_004161,HAP1,0.053
Hum_XLOC_004168,HAP1,0.053
Hum_XLOC_004169,HAP1,0.053
Hum_XLOC_004177,HAP1,0.053
Hum_XLOC_004200,HAP1,0.053
Hum_XLOC_004201,HAP1,0.053
Hum_XLOC_004219,HAP1,0.053
Hum_XLOC_004226,HAP1,0.053
Hum_XLOC_004227,HAP1,0.053
Hum_XLOC_004236,HAP1,0.053
Hum_XLOC_004254,HAP1,0.053
Hum_XLOC_004255,HAP1,0.053
Hum_XLOC_004262,HAP1,0.053
Hum_XLOC_004269,HAP1,0.053
Hum_XLOC_004277,HAP1,0.053
Hum_XLOC_004278,HAP1,0.053
Hum_XLOC_004282,HAP1,0.053
Hum_XLOC_004287,HAP1,0.053
Hum_XLOC_004293,HAP1,0.053
Hum_XLOC_004302,HAP1,0.053
Hum_XLOC_004303,HAP1,0.053
Hum_XLOC_004306,HAP1,0.053
Hum_XLOC_004309,HAP1,0.053
Hum_XLOC_004314,HAP1,0.053
Hum_XLOC_004317,HAP1,0.053
Hum_XLOC_004336,HAP1,0.053
Hum_XLOC_004343,HAP1,0.053
Hum_XLOC_004350,HAP1,0.053
Hum_XLOC_004361,HAP1,0.053
Hum_XLOC_004363,HAP1,0.053
Hum_XLOC_004401,HAP1,0.053
Hum_XLOC_004405,HAP1,0.053
Hum_XLOC_004407,HAP1,0.053
Hum_XLOC_004424,HAP1,0.053
Hum_XLOC_004437,HAP1,0.053
Hum_XLOC_004446,HAP1,0.053
Hum_XLOC_004457,HAP1,0.053
Hum_XLOC_004482,HAP1,0.053
Hum_XLOC_004502,HAP1,0.053
Hum_XLOC_004515,HAP1,0.053
Hum_XLOC_004529,HAP1,0.053
Hum_XLOC_004535,HAP1,0.053
Hum_XLOC_004553,HAP1,0.053
Hum_XLOC_004566,HAP1,0.053
Hum_XLOC_004567,HAP1,0.053
Hum_XLOC_004572,HAP1,0.053
Hum_XLOC_004578,HAP1,0.053
Hum_XLOC_004580,HAP1,0.053
Hum_XLOC_004581,HAP1,0.053
Hum_XLOC_004587,HAP1,0.053
Hum_XLOC_004600,HAP1,0.053
Hum_XLOC_004601,HAP1,0.053
Hum_XLOC_004607,HAP1,0.053
Hum_XLOC_004617,HAP1,0.053
Hum_XLOC_004619,HAP1,0.053
Hum_XLOC_004620,HAP1,0.053
Hum_XLOC_004632,HAP1,0.053
Hum_XLOC_004636,HAP1,0.053
Hum_XLOC_004652,HAP1,0.053
Hum_XLOC_004653,HAP1,0.053
Hum_XLOC_004657,HAP1,0.053
Hum_XLOC_004661,HAP1,0.053
Hum_XLOC_004683,HAP1,0.053
Hum_XLOC_004684,HAP1,0.053
Hum_XLOC_004688,HAP1,0.053
Hum_XLOC_004689,HAP1,0.053
Hum_XLOC_004705,HAP1,0.053
Hum_XLOC_004717,HAP1,0.053
Hum_XLOC_004718,HAP1,0.053
Hum_XLOC_004733,HAP1,0.053
Hum_XLOC_004741,HAP1,0.053
Hum_XLOC_004762,HAP1,0.053
Hum_XLOC_004771,HAP1,0.053
Hum_XLOC_004777,HAP1,0.053
Hum_XLOC_004788,HAP1,0.053
Hum_XLOC_004791,HAP1,0.053
Hum_XLOC_004795,HAP1,0.053
Hum_XLOC_004803,HAP1,0.053
Hum_XLOC_004805,HAP1,0.053
Hum_XLOC_004813,HAP1,0.053
Hum_XLOC_004815,HAP1,0.053
Hum_XLOC_004822,HAP1,0.053
Hum_XLOC_004823,HAP1,0.053
Hum_XLOC_004827,HAP1,0.053
Hum_XLOC_004837,HAP1,0.053
Hum_XLOC_004839,HAP1,0.053
Hum_XLOC_004855,HAP1,0.053
Hum_XLOC_004874,HAP1,0.053
Hum_XLOC_004875,HAP1,0.053
Hum_XLOC_004878,HAP1,0.053
Hum_XLOC_004884,HAP1,0.053
Hum_XLOC_004911,HAP1,0.053
Hum_XLOC_004915,HAP1,0.053
Hum_XLOC_004927,HAP1,0.053
Hum_XLOC_004929,HAP1,0.053
Hum_XLOC_004936,HAP1,0.053
Hum_XLOC_004957,HAP1,0.053
Hum_XLOC_004960,HAP1,0.053
Hum_XLOC_004965,HAP1,0.053
Hum_XLOC_000006,HEK293FT,0.053
Hum_XLOC_000008,HEK293FT,0.053
Hum_XLOC_000016,HEK293FT,0.053
Hum_XLOC_000030,HEK293FT,0.053
Hum_XLOC_000033,HEK293FT,0.053
Hum_XLOC_000039,HEK293FT,0.053
Hum_XLOC_000053,HEK293FT,0.053
Hum_XLOC_000057,HEK293FT,0.053
Hum_XLOC_000060,HEK293FT,0.053
Hum_XLOC_000080,HEK293FT,0.053
Hum_XLOC_000094,HEK293FT,0.053
Hum_XLOC_000100,HEK293FT,0.053
Hum_XLOC_000105,HEK293FT,0.053
Hum_XLOC_000107,HEK293FT,0.053
Hum_XLOC_000111,HEK293FT,0.053
Hum_XLOC_000134,HEK293FT,0.053
Hum_XLOC_000143,HEK293FT,0.053
Hum_XLOC_000145,HEK293FT,0.053
Hum_XLOC_000149,HEK293FT,0.053
Hum_XLOC_000155,HEK293FT,0.053
Hum_XLOC_000169,HEK293FT,0.053
Hum_XLOC_000170,HEK293FT,0.053
Hum_XLOC_000194,HEK293FT,0.053
Hum_XLOC_000201,HEK293FT,0.053
Hum_XLOC_000231,HEK293FT,0.053
Hum_XLOC_000233,HEK293FT,0.053
Hum_XLOC_000245,HEK293FT,0.053
Hum_XLOC_000247,HEK293FT,0.053
Hum_XLOC_000248,HEK293FT,0.053
Hum_XLOC_000265,HEK293FT,0.053
Hum_XLOC_000282,HEK293FT,0.053
Hum_XLOC_000286,HEK293FT,0.053
Hum_XLOC_000292,HEK293FT,0.053
Hum_XLOC_000307,HEK293FT,0.053
Hum_XLOC_000308,HEK293FT,0.053
Hum_XLOC_000312,HEK293FT,0.053
Hum_XLOC_000314,HEK293FT,0.053
Hum_XLOC_000317,HEK293FT,0.053
Hum_XLOC_000319,HEK293FT,0.053
Hum_XLOC_000332,HEK293FT,0.053
Hum_XLOC_000338,HEK293FT,0.053
Hum_XLOC_000342,HEK293FT,0.053
Hum_XLOC_000345,HEK293FT,0.053
Hum_XLOC_000362,HEK293FT,0.053
Hum_XLOC_000377,HEK293FT,0.053
Hum_XLOC_000390,HEK293FT,0.053
Hum_XLOC_000394,HEK293FT,0.053
Hum_XLOC_000411,HEK293FT,0.053
Hum_XLOC_000415,HEK293FT,0.053
Hum_XLOC_000430,HEK293FT,0.053
Hum_XLOC_000436,HEK293FT,0.053
Hum_XLOC_000437,HEK293FT,0.053
Hum_XLOC_000456,HEK293FT,0.053
Hum_XLOC_000461,HEK293FT,0.053
Hum_XLOC_000462,HEK293FT,0.053
Hum_XLOC_000465,HEK293FT,0.053
Hum_XLOC_000472,HEK293FT,0.053
Hum_XLOC_000474,HEK293FT,0.053
Hum_XLOC_000478,HEK293FT,0.053
Hum_XLOC_000486,HEK293FT,0.053
Hum_XLOC_000490,HEK293FT,0.053
Hum_XLOC_000498,HEK293FT,0.053
Hum_XLOC_000500,HEK293FT,0.053
Hum_XLOC_000510,HEK293FT,0.053
Hum_XLOC_000535,HEK293FT,0.053
Hum_XLOC_000540,HEK293FT,0.053
Hum_XLOC_000556,HEK293FT,0.053
Hum_XLOC_000574,HEK293FT,0.053
Hum_XLOC_000575,HEK293FT,0.053
Hum_XLOC_000582,HEK293FT,0.053
Hum_XLOC_000590,HEK293FT,0.053
Hum_XLOC_000601,HEK293FT,0.053
Hum_XLOC_000604,HEK293FT,0.053
Hum_XLOC_000608,HEK293FT,0.053
Hum_XLOC_000612,HEK293FT,0.053
Hum_XLOC_000636,HEK293FT,0.053
Hum_XLOC_000638,HEK293FT,0.053
Hum_XLOC_000641,HEK293FT,0.053
Hum_XLOC_000655,HEK293FT,0.053
Hum_XLOC_000668,HEK293FT,0.053
Hum_XLOC_000680,HEK293FT,0.053
Hum_XLOC_000681,HEK293FT,0.053
Hum_XLOC_000695,HEK293FT,0.053
Hum_XLOC_000702,HEK293FT,0.053
Hum_XLOC_000726,HEK293FT,0.053
Hum_XLOC_000727,HEK293FT,0.053
Hum_XLOC_000758,HEK293FT,0.053
Hum_XLOC_000773,HEK293FT,0.053
Hum_XLOC_000774,HEK293FT,0.053
Hum_XLOC_000797,HEK293FT,0.053
Hum_XLOC_000799,HEK293FT,0.053
Hum_XLOC_000800,HEK293FT,0.053
Hum_XLOC_000807,HEK293FT,0.053
Hum_XLOC_000818,HEK293FT,0.053
Hum_XLOC_000828,HEK293FT,0.053
Hum_XLOC_000831,HEK293FT,0.053
Hum_XLOC_000835,HEK293FT,0.053
Hum_XLOC_000840,HEK293FT,0.053
Hum_XLOC_000841,HEK293FT,0.053
Hum_XLOC_000842,HEK293FT,0.053
Hum_XLOC_000854,HEK293FT,0.053
Hum_XLOC_000855,HEK293FT,0.053
Hum_XLOC_000883,HEK293FT,0.053
Hum_XLOC_000885,HEK293FT,0.053
Hum_XLOC_000905,HEK293FT,0.053
Hum_XLOC_000917,HEK293FT,0.053
Hum_XLOC_000925,HEK293FT,0.053
Hum_XLOC_000944,HEK293FT,0.053
Hum_XLOC_000949,HEK293FT,0.053
Hum_XLOC_000953,HEK293FT,0.053
Hum_XLOC_000964,HEK293FT,0.053
Hum_XLOC_000990,HEK293FT,0.053
Hum_XLOC_000994,HEK293FT,0.053
Hum_XLOC_001020,HEK293FT,0.053
Hum_XLOC_001029,HEK293FT,0.053
Hum_XLOC_001066,HEK293FT,0.053
Hum_XLOC_001120,HEK293FT,0.053
Hum_XLOC_001121,HEK293FT,0.053
Hum_XLOC_001122,HEK293FT,0.053
Hum_XLOC_001125,HEK293FT,0.053
Hum_XLOC_001132,HEK293FT,0.053
Hum_XLOC_001138,HEK293FT,0.053
Hum_XLOC_001144,HEK293FT,0.053
Hum_XLOC_001146,HEK293FT,0.053
Hum_XLOC_001188,HEK293FT,0.053
Hum_XLOC_001191,HEK293FT,0.053
Hum_XLOC_001192,HEK293FT,0.053
Hum_XLOC_001217,HEK293FT,0.053
Hum_XLOC_001222,HEK293FT,0.053
Hum_XLOC_001228,HEK293FT,0.053
Hum_XLOC_001230,HEK293FT,0.053
Hum_XLOC_001237,HEK293FT,0.053
Hum_XLOC_001243,HEK293FT,0.053
Hum_XLOC_001275,HEK293FT,0.053
Hum_XLOC_001279,HEK293FT,0.053
Hum_XLOC_001291,HEK293FT,0.053
Hum_XLOC_001296,HEK293FT,0.053
Hum_XLOC_001297,HEK293FT,0.053
Hum_XLOC_001309,HEK293FT,0.053
Hum_XLOC_001329,HEK293FT,0.053
Hum_XLOC_001330,HEK293FT,0.053
Hum_XLOC_001355,HEK293FT,0.053
Hum_XLOC_001366,HEK293FT,0.053
Hum_XLOC_001367,HEK293FT,0.053
Hum_XLOC_001375,HEK293FT,0.053
Hum_XLOC_001390,HEK293FT,0.053
Hum_XLOC_001405,HEK293FT,0.053
Hum_XLOC_001461,HEK293FT,0.053
Hum_XLOC_001465,HEK293FT,0.053
Hum_XLOC_001488,HEK293FT,0.053
Hum_XLOC_001490,HEK293FT,0.053
Hum_XLOC_001509,HEK293FT,0.053
Hum_XLOC_001516,HEK293FT,0.053
Hum_XLOC_001532,HEK293FT,0.053
Hum_XLOC_001539,HEK293FT,0.053
Hum_XLOC_001541,HEK293FT,0.053
Hum_XLOC_001542,HEK293FT,0.053
Hum_XLOC_001548,HEK293FT,0.053
Hum_XLOC_001559,HEK293FT,0.053
Hum_XLOC_001565,HEK293FT,0.053
Hum_XLOC_001566,HEK293FT,0.053
Hum_XLOC_001575,HEK293FT,0.053
Hum_XLOC_001580,HEK293FT,0.053
Hum_XLOC_001590,HEK293FT,0.053
Hum_XLOC_001615,HEK293FT,0.053
Hum_XLOC_001624,HEK293FT,0.053
Hum_XLOC_001639,HEK293FT,0.053
Hum_XLOC_001661,HEK293FT,0.053
Hum_XLOC_001666,HEK293FT,0.053
Hum_XLOC_001668,HEK293FT,0.053
Hum_XLOC_001688,HEK293FT,0.053
Hum_XLOC_001689,HEK293FT,0.053
Hum_XLOC_001695,HEK293FT,0.053
Hum_XLOC_001696,HEK293FT,0.053
Hum_XLOC_001698,HEK293FT,0.053
Hum_XLOC_001707,HEK293FT,0.053
Hum_XLOC_001760,HEK293FT,0.053
Hum_XLOC_001761,HEK293FT,0.053
Hum_XLOC_001773,HEK293FT,0.053
Hum_XLOC_001775,HEK293FT,0.053
Hum_XLOC_001779,HEK293FT,0.053
Hum_XLOC_001783,HEK293FT,0.053
Hum_XLOC_001791,HEK293FT,0.053
Hum_XLOC_001805,HEK293FT,0.053
Hum_XLOC_001809,HEK293FT,0.053
Hum_XLOC_001848,HEK293FT,0.053
Hum_XLOC_001919,HEK293FT,0.053
Hum_XLOC_001941,HEK293FT,0.053
Hum_XLOC_001942,HEK293FT,0.053
Hum_XLOC_001949,HEK293FT,0.053
Hum_XLOC_001950,HEK293FT,0.053
Hum_XLOC_001953,HEK293FT,0.053
Hum_XLOC_001957,HEK293FT,0.053
Hum_XLOC_001961,HEK293FT,0.053
Hum_XLOC_001969,HEK293FT,0.053
Hum_XLOC_002024,HEK293FT,0.053
Hum_XLOC_002028,HEK293FT,0.053
Hum_XLOC_002033,HEK293FT,0.053
Hum_XLOC_002036,HEK293FT,0.053
Hum_XLOC_002037,HEK293FT,0.053
Hum_XLOC_002041,HEK293FT,0.053
Hum_XLOC_002059,HEK293FT,0.053
Hum_XLOC_002061,HEK293FT,0.053
Hum_XLOC_002068,HEK293FT,0.053
Hum_XLOC_002081,HEK293FT,0.053
Hum_XLOC_002093,HEK293FT,0.053
Hum_XLOC_002099,HEK293FT,0.053
Hum_XLOC_002144,HEK293FT,0.053
Hum_XLOC_002150,HEK293FT,0.053
Hum_XLOC_002152,HEK293FT,0.053
Hum_XLOC_002154,HEK293FT,0.053
Hum_XLOC_002169,HEK293FT,0.053
Hum_XLOC_002170,HEK293FT,0.053
Hum_XLOC_002176,HEK293FT,0.053
Hum_XLOC_002178,HEK293FT,0.053
Hum_XLOC_002186,HEK293FT,0.053
Hum_XLOC_002204,HEK293FT,0.053
Hum_XLOC_002205,HEK293FT,0.053
Hum_XLOC_002219,HEK293FT,0.053
Hum_XLOC_002244,HEK293FT,0.053
Hum_XLOC_002252,HEK293FT,0.053
Hum_XLOC_002261,HEK293FT,0.053
Hum_XLOC_002262,HEK293FT,0.053
Hum_XLOC_002265,HEK293FT,0.053
Hum_XLOC_002271,HEK293FT,0.053
Hum_XLOC_002280,HEK293FT,0.053
Hum_XLOC_002282,HEK293FT,0.053
Hum_XLOC_002283,HEK293FT,0.053
Hum_XLOC_002284,HEK293FT,0.053
Hum_XLOC_002294,HEK293FT,0.053
Hum_XLOC_002296,HEK293FT,0.053
Hum_XLOC_002299,HEK293FT,0.053
Hum_XLOC_002301,HEK293FT,0.053
Hum_XLOC_002306,HEK293FT,0.053
Hum_XLOC_002311,HEK293FT,0.053
Hum_XLOC_002313,HEK293FT,0.053
Hum_XLOC_002314,HEK293FT,0.053
Hum_XLOC_002327,HEK293FT,0.053
Hum_XLOC_002330,HEK293FT,0.053
Hum_XLOC_002338,HEK293FT,0.053
Hum_XLOC_002344,HEK293FT,0.053
Hum_XLOC_002347,HEK293FT,0.053
Hum_XLOC_002348,HEK293FT,0.053
Hum_XLOC_002362,HEK293FT,0.053
Hum_XLOC_002364,HEK293FT,0.053
Hum_XLOC_002383,HEK293FT,0.053
Hum_XLOC_002386,HEK293FT,0.053
Hum_XLOC_002390,HEK293FT,0.053
Hum_XLOC_002394,HEK293FT,0.053
Hum_XLOC_002398,HEK293FT,0.053
Hum_XLOC_002399,HEK293FT,0.053
Hum_XLOC_002408,HEK293FT,0.053
Hum_XLOC_002414,HEK293FT,0.053
Hum_XLOC_002418,HEK293FT,0.053
Hum_XLOC_002435,HEK293FT,0.053
Hum_XLOC_002440,HEK293FT,0.053
Hum_XLOC_002489,HEK293FT,0.053
Hum_XLOC_002490,HEK293FT,0.053
Hum_XLOC_002493,HEK293FT,0.053
Hum_XLOC_002520,HEK293FT,0.053
Hum_XLOC_002524,HEK293FT,0.053
Hum_XLOC_002546,HEK293FT,0.053
Hum_XLOC_002560,HEK293FT,0.053
Hum_XLOC_002570,HEK293FT,0.053
Hum_XLOC_002577,HEK293FT,0.053
Hum_XLOC_002579,HEK293FT,0.053
Hum_XLOC_002586,HEK293FT,0.053
Hum_XLOC_002589,HEK293FT,0.053
Hum_XLOC_002629,HEK293FT,0.053
Hum_XLOC_002631,HEK293FT,0.053
Hum_XLOC_002635,HEK293FT,0.053
Hum_XLOC_002644,HEK293FT,0.053
Hum_XLOC_002646,HEK293FT,0.053
Hum_XLOC_002653,HEK293FT,0.053
Hum_XLOC_002681,HEK293FT,0.053
Hum_XLOC_002695,HEK293FT,0.053
Hum_XLOC_002702,HEK293FT,0.053
Hum_XLOC_002705,HEK293FT,0.053
Hum_XLOC_002711,HEK293FT,0.053
Hum_XLOC_002714,HEK293FT,0.053
Hum_XLOC_002717,HEK293FT,0.053
Hum_XLOC_002725,HEK293FT,0.053
Hum_XLOC_002741,HEK293FT,0.053
Hum_XLOC_002742,HEK293FT,0.053
Hum_XLOC_002744,HEK293FT,0.053
Hum_XLOC_002760,HEK293FT,0.053
Hum_XLOC_002788,HEK293FT,0.053
Hum_XLOC_002792,HEK293FT,0.053
Hum_XLOC_002796,HEK293FT,0.053
Hum_XLOC_002817,HEK293FT,0.053
Hum_XLOC_002836,HEK293FT,0.053
Hum_XLOC_002844,HEK293FT,0.053
Hum_XLOC_002845,HEK293FT,0.053
Hum_XLOC_002859,HEK293FT,0.053
Hum_XLOC_002889,HEK293FT,0.053
Hum_XLOC_002911,HEK293FT,0.053
Hum_XLOC_002935,HEK293FT,0.053
Hum_XLOC_002937,HEK293FT,0.053
Hum_XLOC_002967,HEK293FT,0.053
Hum_XLOC_002983,HEK293FT,0.053
Hum_XLOC_002986,HEK293FT,0.053
Hum_XLOC_002990,HEK293FT,0.053
Hum_XLOC_003039,HEK293FT,0.053
Hum_XLOC_003061,HEK293FT,0.053
Hum_XLOC_003086,HEK293FT,0.053
Hum_XLOC_003099,HEK293FT,0.053
Hum_XLOC_003109,HEK293FT,0.053
Hum_XLOC_003128,HEK293FT,0.053
Hum_XLOC_003134,HEK293FT,0.053
Hum_XLOC_003137,HEK293FT,0.053
Hum_XLOC_003154,HEK293FT,0.053
Hum_XLOC_003155,HEK293FT,0.053
Hum_XLOC_003171,HEK293FT,0.053
Hum_XLOC_003209,HEK293FT,0.053
Hum_XLOC_003215,HEK293FT,0.053
Hum_XLOC_003221,HEK293FT,0.053
Hum_XLOC_003232,HEK293FT,0.053
Hum_XLOC_003268,HEK293FT,0.053
Hum_XLOC_003269,HEK293FT,0.053
Hum_XLOC_003286,HEK293FT,0.053
Hum_XLOC_003290,HEK293FT,0.053
Hum_XLOC_003294,HEK293FT,0.053
Hum_XLOC_003321,HEK293FT,0.053
Hum_XLOC_003324,HEK293FT,0.053
Hum_XLOC_003334,HEK293FT,0.053
Hum_XLOC_003337,HEK293FT,0.053
Hum_XLOC_003338,HEK293FT,0.053
Hum_XLOC_003352,HEK293FT,0.053
Hum_XLOC_003357,HEK293FT,0.053
Hum_XLOC_003361,HEK293FT,0.053
Hum_XLOC_003371,HEK293FT,0.053
Hum_XLOC_003381,HEK293FT,0.053
Hum_XLOC_003408,HEK293FT,0.053
Hum_XLOC_003436,HEK293FT,0.053
Hum_XLOC_003440,HEK293FT,0.053
Hum_XLOC_003450,HEK293FT,0.053
Hum_XLOC_003466,HEK293FT,0.053
Hum_XLOC_003488,HEK293FT,0.053
Hum_XLOC_003491,HEK293FT,0.053
Hum_XLOC_003497,HEK293FT,0.053
Hum_XLOC_003498,HEK293FT,0.053
Hum_XLOC_003502,HEK293FT,0.053
Hum_XLOC_003518,HEK293FT,0.053
Hum_XLOC_003532,HEK293FT,0.053
Hum_XLOC_003543,HEK293FT,0.053
Hum_XLOC_003554,HEK293FT,0.053
Hum_XLOC_003563,HEK293FT,0.053
Hum_XLOC_003567,HEK293FT,0.053
Hum_XLOC_003568,HEK293FT,0.053
Hum_XLOC_003570,HEK293FT,0.053
Hum_XLOC_003571,HEK293FT,0.053
Hum_XLOC_003593,HEK293FT,0.053
Hum_XLOC_003594,HEK293FT,0.053
Hum_XLOC_003598,HEK293FT,0.053
Hum_XLOC_003626,HEK293FT,0.053
Hum_XLOC_003628,HEK293FT,0.053
Hum_XLOC_003630,HEK293FT,0.053
Hum_XLOC_003641,HEK293FT,0.053
Hum_XLOC_003662,HEK293FT,0.053
Hum_XLOC_003665,HEK293FT,0.053
Hum_XLOC_003672,HEK293FT,0.053
Hum_XLOC_003673,HEK293FT,0.053
Hum_XLOC_003674,HEK293FT,0.053
Hum_XLOC_003676,HEK293FT,0.053
Hum_XLOC_003686,HEK293FT,0.053
Hum_XLOC_003697,HEK293FT,0.053
Hum_XLOC_003717,HEK293FT,0.053
Hum_XLOC_003725,HEK293FT,0.053
Hum_XLOC_003743,HEK293FT,0.053
Hum_XLOC_003754,HEK293FT,0.053
Hum_XLOC_003766,HEK293FT,0.053
Hum_XLOC_003775,HEK293FT,0.053
Hum_XLOC_003790,HEK293FT,0.053
Hum_XLOC_003799,HEK293FT,0.053
Hum_XLOC_003853,HEK293FT,0.053
Hum_XLOC_003865,HEK293FT,0.053
Hum_XLOC_003871,HEK293FT,0.053
Hum_XLOC_003891,HEK293FT,0.053
Hum_XLOC_003892,HEK293FT,0.053
Hum_XLOC_003910,HEK293FT,0.053
Hum_XLOC_003911,HEK293FT,0.053
Hum_XLOC_003952,HEK293FT,0.053
Hum_XLOC_003971,HEK293FT,0.053
Hum_XLOC_003988,HEK293FT,0.053
Hum_XLOC_004020,HEK293FT,0.053
Hum_XLOC_004035,HEK293FT,0.053
Hum_XLOC_004036,HEK293FT,0.053
Hum_XLOC_004048,HEK293FT,0.053
Hum_XLOC_004068,HEK293FT,0.053
Hum_XLOC_004069,HEK293FT,0.053
Hum_XLOC_004095,HEK293FT,0.053
Hum_XLOC_004096,HEK293FT,0.053
Hum_XLOC_004116,HEK293FT,0.053
Hum_XLOC_004123,HEK293FT,0.053
Hum_XLOC_004134,HEK293FT,0.053
Hum_XLOC_004161,HEK293FT,0.053
Hum_XLOC_004168,HEK293FT,0.053
Hum_XLOC_004169,HEK293FT,0.053
Hum_XLOC_004177,HEK293FT,0.053
Hum_XLOC_004200,HEK293FT,0.053
Hum_XLOC_004201,HEK293FT,0.053
Hum_XLOC_004219,HEK293FT,0.053
Hum_XLOC_004226,HEK293FT,0.053
Hum_XLOC_004227,HEK293FT,0.053
Hum_XLOC_004236,HEK293FT,0.053
Hum_XLOC_004254,HEK293FT,0.053
Hum_XLOC_004255,HEK293FT,0.053
Hum_XLOC_004262,HEK293FT,0.053
Hum_XLOC_004269,HEK293FT,0.053
Hum_XLOC_004277,HEK293FT,0.053
Hum_XLOC_004278,HEK293FT,0.053
Hum_XLOC_004282,HEK293FT,0.053
Hum_XLOC_004287,HEK293FT,0.053
Hum_XLOC_004293,HEK293FT,0.053
Hum_XLOC_004302,HEK293FT,0.053
Hum_XLOC_004303,HEK293FT,0.053
Hum_XLOC_004306,HEK293FT,0.053
Hum_XLOC_004309,HEK293FT,0.053
Hum_XLOC_004314,HEK293FT,0.053
Hum_XLOC_004317,HEK293FT,0.053
Hum_XLOC_004336,HEK293FT,0.053
Hum_XLOC_004343,HEK293FT,0.053
Hum_XLOC_004350,HEK293FT,0.053
Hum_XLOC_004361,HEK293FT,0.053
Hum_XLOC_004363,HEK293FT,0.053
Hum_XLOC_004401,HEK293FT,0.053
Hum_XLOC_004405,HEK293FT,0.053
Hum_XLOC_004407,HEK293FT,0.053
Hum_XLOC_004424,HEK293FT,0.053
Hum_XLOC_004437,HEK293FT,0.053
Hum_XLOC_004446,HEK293FT,0.053
Hum_XLOC_004457,HEK293FT,0.053
Hum_XLOC_004482,HEK293FT,0.053
Hum_XLOC_004502,HEK293FT,0.053
Hum_XLOC_004515,HEK293FT,0.053
Hum_XLOC_004529,HEK293FT,0.053
Hum_XLOC_004535,HEK293FT,0.053
Hum_XLOC_004553,HEK293FT,0.053
Hum_XLOC_004566,HEK293FT,0.053
Hum_XLOC_004567,HEK293FT,0.053
Hum_XLOC_004572,HEK293FT,0.053
Hum_XLOC_004578,HEK293FT,0.053
Hum_XLOC_004580,HEK293FT,0.053
Hum_XLOC_004581,HEK293FT,0.053
Hum_XLOC_004587,HEK293FT,0.053
Hum_XLOC_004600,HEK293FT,0.053
Hum_XLOC_004601,HEK293FT,0.053
Hum_XLOC_004607,HEK293FT,0.053
Hum_XLOC_004617,HEK293FT,0.053
Hum_XLOC_004619,HEK293FT,0.053
Hum_XLOC_004620,HEK293FT,0.053
Hum_XLOC_004632,HEK293FT,0.053
Hum_XLOC_004636,HEK293FT,0.053
Hum_XLOC_004652,HEK293FT,0.053
Hum_XLOC_004653,HEK293FT,0.053
Hum_XLOC_004657,HEK293FT,0.053
Hum_XLOC_004661,HEK293FT,0.053
Hum_XLOC_004683,HEK293FT,0.053
Hum_XLOC_004684,HEK293FT,0.053
Hum_XLOC_004688,HEK293FT,0.053
Hum_XLOC_004689,HEK293FT,0.053
Hum_XLOC_004705,HEK293FT,0.053
Hum_XLOC_004717,HEK293FT,0.053
Hum_XLOC_004718,HEK293FT,0.053
Hum_XLOC_004733,HEK293FT,0.053
Hum_XLOC_004741,HEK293FT,0.053
Hum_XLOC_004762,HEK293FT,0.053
Hum_XLOC_004771,HEK293FT,0.053
Hum_XLOC_004777,HEK293FT,0.053
Hum_XLOC_004788,HEK293FT,0.053
Hum_XLOC_004791,HEK293FT,0.053
Hum_XLOC_004795,HEK293FT,0.053
Hum_XLOC_004803,HEK293FT,0.053
Hum_XLOC_004805,HEK293FT,0.053
Hum_XLOC_004813,HEK293FT,0.053
Hum_XLOC_004815,HEK293FT,0.053
Hum_XLOC_004822,HEK293FT,0.053
Hum_XLOC_004823,HEK293FT,0.053
Hum_XLOC_004827,HEK293FT,0.053
Hum_XLOC_004837,HEK293FT,0.053
Hum_XLOC_004839,HEK293FT,0.053
Hum_XLOC_004855,HEK293FT,0.053
Hum_XLOC_004874,HEK293FT,0.053
Hum_XLOC_004875,HEK293FT,0.053
Hum_XLOC_004878,HEK293FT,0.053
Hum_XLOC_004884,HEK293FT,0.053
Hum_XLOC_004911,HEK293FT,0.053
Hum_XLOC_004915,HEK293FT,0.053
Hum_XLOC_004927,HEK293FT,0.053
Hum_XLOC_004929,HEK293FT,0.053
Hum_XLOC_004936,HEK293FT,0.053
Hum_XLOC_004957,HEK293FT,0.053
Hum_XLOC_004960,HEK293FT,0.053
Hum_XLOC_004965,HEK293FT,0.053
Hum_XLOC_000006,K562,0.053
Hum_XLOC_000008,K562,0.053
Hum_XLOC_000016,K562,0.053
Hum_XLOC_000030,K562,0.053
Hum_XLOC_000033,K562,0.053
Hum_XLOC_000039,K562,0.053
Hum_XLOC_000053,K562,0.053
Hum_XLOC_000057,K562,0.053
Hum_XLOC_000060,K562,0.053
Hum_XLOC_000080,K562,0.053
Hum_XLOC_000094,K562,0.053
Hum_XLOC_000100,K562,0.053
Hum_XLOC_000105,K562,0.053
Hum_XLOC_000107,K562,0.053
Hum_XLOC_000111,K562,0.053
Hum_XLOC_000134,K562,0.053
Hum_XLOC_000143,K562,0.053
Hum_XLOC_000145,K562,0.053
Hum_XLOC_000149,K562,0.053
Hum_XLOC_000155,K562,0.053
Hum_XLOC_000169,K562,0.053
Hum_XLOC_000170,K562,0.053
Hum_XLOC_000194,K562,0.053
Hum_XLOC_000201,K562,0.053
Hum_XLOC_000231,K562,0.053
Hum_XLOC_000233,K562,0.053
Hum_XLOC_000245,K562,0.053
Hum_XLOC_000247,K562,0.053
Hum_XLOC_000248,K562,0.053
Hum_XLOC_000265,K562,0.053
Hum_XLOC_000282,K562,0.053
Hum_XLOC_000286,K562,0.053
Hum_XLOC_000292,K562,0.053
Hum_XLOC_000307,K562,0.053
Hum_XLOC_000308,K562,0.053
Hum_XLOC_000312,K562,0.053
Hum_XLOC_000314,K562,0.053
Hum_XLOC_000317,K562,0.053
Hum_XLOC_000319,K562,0.053
Hum_XLOC_000332,K562,0.053
Hum_XLOC_000338,K562,0.053
Hum_XLOC_000342,K562,0.053
Hum_XLOC_000345,K562,0.053
Hum_XLOC_000362,K562,0.053
Hum_XLOC_000377,K562,0.053
Hum_XLOC_000390,K562,0.053
Hum_XLOC_000394,K562,0.053
Hum_XLOC_000411,K562,0.053
Hum_XLOC_000415,K562,0.053
Hum_XLOC_000430,K562,0.053
Hum_XLOC_000436,K562,0.053
Hum_XLOC_000437,K562,0.053
Hum_XLOC_000456,K562,0.053
Hum_XLOC_000461,K562,0.053
Hum_XLOC_000462,K562,0.053
Hum_XLOC_000465,K562,0.053
Hum_XLOC_000472,K562,0.053
Hum_XLOC_000474,K562,0.053
Hum_XLOC_000478,K562,0.053
Hum_XLOC_000486,K562,0.053
Hum_XLOC_000490,K562,0.053
Hum_XLOC_000498,K562,0.053
Hum_XLOC_000500,K562,0.053
Hum_XLOC_000510,K562,0.053
Hum_XLOC_000535,K562,0.053
Hum_XLOC_000540,K562,0.053
Hum_XLOC_000556,K562,0.053
Hum_XLOC_000574,K562,0.053
Hum_XLOC_000575,K562,0.053
Hum_XLOC_000582,K562,0.053
Hum_XLOC_000590,K562,0.053
Hum_XLOC_000601,K562,0.053
Hum_XLOC_000604,K562,0.053
Hum_XLOC_000608,K562,0.053
Hum_XLOC_000612,K562,0.053
Hum_XLOC_000636,K562,0.053
Hum_XLOC_000638,K562,0.053
Hum_XLOC_000641,K562,0.053
Hum_XLOC_000655,K562,0.053
Hum_XLOC_000668,K562,0.053
Hum_XLOC_000680,K562,0.053
Hum_XLOC_000681,K562,0.053
Hum_XLOC_000695,K562,0.053
Hum_XLOC_000702,K562,0.053
Hum_XLOC_000726,K562,0.053
Hum_XLOC_000727,K562,0.053
Hum_XLOC_000758,K562,0.053
Hum_XLOC_000773,K562,0.053
Hum_XLOC_000774,K562,0.053
Hum_XLOC_000797,K562,0.053
Hum_XLOC_000799,K562,0.053
Hum_XLOC_000800,K562,0.053
Hum_XLOC_000807,K562,0.053
Hum_XLOC_000818,K562,0.053
Hum_XLOC_000828,K562,0.053
Hum_XLOC_000831,K562,0.053
Hum_XLOC_000835,K562,0.053
Hum_XLOC_000840,K562,0.053
Hum_XLOC_000841,K562,0.053
Hum_XLOC_000842,K562,0.053
Hum_XLOC_000854,K562,0.053
Hum_XLOC_000855,K562,0.053
Hum_XLOC_000883,K562,0.053
Hum_XLOC_000885,K562,0.053
Hum_XLOC_000905,K562,0.053
Hum_XLOC_000917,K562,0.053
Hum_XLOC_000925,K562,0.053
Hum_XLOC_000944,K562,0.053
Hum_XLOC_000949,K562,0.053
Hum_XLOC_000953,K562,0.053
Hum_XLOC_000964,K562,0.053
Hum_XLOC_000990,K562,0.053
Hum_XLOC_000994,K562,0.053
Hum_XLOC_001020,K562,0.053
Hum_XLOC_001029,K562,0.053
Hum_XLOC_001066,K562,0.053
Hum_XLOC_001120,K562,0.053
Hum_XLOC_001121,K562,0.053
Hum_XLOC_001122,K562,0.053
Hum_XLOC_001125,K562,0.053
Hum_XLOC_001132,K562,0.053
Hum_XLOC_001138,K562,0.053
Hum_XLOC_001144,K562,0.053
Hum_XLOC_001146,K562,0.053
Hum_XLOC_001188,K562,0.053
Hum_XLOC_001191,K562,0.053
Hum_XLOC_001192,K562,0.053
Hum_XLOC_001217,K562,0.053
Hum_XLOC_001222,K562,0.053
Hum_XLOC_001228,K562,0.053
Hum_XLOC_001230,K562,0.053
Hum_XLOC_001237,K562,0.053
Hum_XLOC_001243,K562,0.053
Hum_XLOC_001275,K562,0.053
Hum_XLOC_001279,K562,0.053
Hum_XLOC_001291,K562,0.053
Hum_XLOC_001296,K562,0.053
Hum_XLOC_001297,K562,0.053
Hum_XLOC_001309,K562,0.053
Hum_XLOC_001329,K562,0.053
Hum_XLOC_001330,K562,0.053
Hum_XLOC_001355,K562,0.053
Hum_XLOC_001366,K562,0.053
Hum_XLOC_001367,K562,0.053
Hum_XLOC_001375,K562,0.053
Hum_XLOC_001390,K562,0.053
Hum_XLOC_001405,K562,0.053
Hum_XLOC_001461,K562,0.053
Hum_XLOC_001465,K562,0.053
Hum_XLOC_001488,K562,0.053
Hum_XLOC_001490,K562,0.053
Hum_XLOC_001509,K562,0.053
Hum_XLOC_001516,K562,0.053
Hum_XLOC_001532,K562,0.053
Hum_XLOC_001539,K562,0.053
Hum_XLOC_001541,K562,0.053
Hum_XLOC_001542,K562,0.053
Hum_XLOC_001548,K562,0.053
Hum_XLOC_001559,K562,0.053
Hum_XLOC_001565,K562,0.053
Hum_XLOC_001566,K562,0.053
Hum_XLOC_001575,K562,0.053
Hum_XLOC_001580,K562,0.053
Hum_XLOC_001590,K562,0.053
Hum_XLOC_001615,K562,0.053
Hum_XLOC_001624,K562,0.053
Hum_XLOC_001639,K562,0.053
Hum_XLOC_001661,K562,0.053
Hum_XLOC_001666,K562,0.053
Hum_XLOC_001668,K562,0.053
Hum_XLOC_001688,K562,0.053
Hum_XLOC_001689,K562,0.053
Hum_XLOC_001695,K562,0.053
Hum_XLOC_001696,K562,0.053
Hum_XLOC_001698,K562,0.053
Hum_XLOC_001707,K562,0.053
Hum_XLOC_001760,K562,0.053
Hum_XLOC_001761,K562,0.053
Hum_XLOC_001773,K562,0.053
Hum_XLOC_001775,K562,0.053
Hum_XLOC_001779,K562,0.053
Hum_XLOC_001783,K562,0.053
Hum_XLOC_001791,K562,0.053
Hum_XLOC_001805,K562,0.053
Hum_XLOC_001809,K562,0.053
Hum_XLOC_001848,K562,0.053
Hum_XLOC_001919,K562,0.053
Hum_XLOC_001941,K562,0.053
Hum_XLOC_001942,K562,0.053
Hum_XLOC_001949,K562,0.053
Hum_XLOC_001950,K562,0.053
Hum_XLOC_001953,K562,0.053
Hum_XLOC_001957,K562,0.053
Hum_XLOC_001961,K562,0.053
Hum_XLOC_001969,K562,0.053
Hum_XLOC_002024,K562,0.053
Hum_XLOC_002028,K562,0.053
Hum_XLOC_002033,K562,0.053
Hum_XLOC_002036,K562,0.053
Hum_XLOC_002037,K562,0.053
Hum_XLOC_002041,K562,0.053
Hum_XLOC_002059,K562,0.053
Hum_XLOC_002061,K562,0.053
Hum_XLOC_002068,K562,0.053
Hum_XLOC_002081,K562,0.053
Hum_XLOC_002093,K562,0.053
Hum_XLOC_002099,K562,0.053
Hum_XLOC_002144,K562,0.053
Hum_XLOC_002150,K562,0.053
Hum_XLOC_002152,K562,0.053
Hum_XLOC_002154,K562,0.053
Hum_XLOC_002169,K562,0.053
Hum_XLOC_002170,K562,0.053
Hum_XLOC_002176,K562,0.053
Hum_XLOC_002178,K562,0.053
Hum_XLOC_002186,K562,0.053
Hum_XLOC_002204,K562,0.053
Hum_XLOC_002205,K562,0.053
Hum_XLOC_002219,K562,0.053
Hum_XLOC_002244,K562,0.053
Hum_XLOC_002252,K562,0.053
Hum_XLOC_002261,K562,0.053
Hum_XLOC_002262,K562,0.053
Hum_XLOC_002265,K562,0.053
Hum_XLOC_002271,K562,0.053
Hum_XLOC_002280,K562,0.053
Hum_XLOC_002282,K562,0.053
Hum_XLOC_002283,K562,0.053
Hum_XLOC_002284,K562,0.053
Hum_XLOC_002294,K562,0.053
Hum_XLOC_002296,K562,0.053
Hum_XLOC_002299,K562,0.053
Hum_XLOC_002301,K562,0.053
Hum_XLOC_002306,K562,0.053
Hum_XLOC_002311,K562,0.053
Hum_XLOC_002313,K562,0.053
Hum_XLOC_002314,K562,0.053
Hum_XLOC_002327,K562,0.053
Hum_XLOC_002330,K562,0.053
Hum_XLOC_002338,K562,0.053
Hum_XLOC_002344,K562,0.053
Hum_XLOC_002347,K562,0.053
Hum_XLOC_002348,K562,0.053
Hum_XLOC_002362,K562,0.053
Hum_XLOC_002364,K562,0.053
Hum_XLOC_002383,K562,0.053
Hum_XLOC_002386,K562,0.053
Hum_XLOC_002390,K562,0.053
Hum_XLOC_002394,K562,0.053
Hum_XLOC_002398,K562,0.053
Hum_XLOC_002399,K562,0.053
Hum_XLOC_002408,K562,0.053
Hum_XLOC_002414,K562,0.053
Hum_XLOC_002418,K562,0.053
Hum_XLOC_002435,K562,0.053
Hum_XLOC_002440,K562,0.053
Hum_XLOC_002489,K562,0.053
Hum_XLOC_002490,K562,0.053
Hum_XLOC_002493,K562,0.053
Hum_XLOC_002520,K562,0.053
Hum_XLOC_002524,K562,0.053
Hum_XLOC_002546,K562,0.053
Hum_XLOC_002560,K562,0.053
Hum_XLOC_002570,K562,0.053
Hum_XLOC_002577,K562,0.053
Hum_XLOC_002579,K562,0.053
Hum_XLOC_002586,K562,0.053
Hum_XLOC_002589,K562,0.053
Hum_XLOC_002629,K562,0.053
Hum_XLOC_002631,K562,0.053
Hum_XLOC_002635,K562,0.053
Hum_XLOC_002644,K562,0.053
Hum_XLOC_002646,K562,0.053
Hum_XLOC_002653,K562,0.053
Hum_XLOC_002681,K562,0.053
Hum_XLOC_002695,K562,0.053
Hum_XLOC_002702,K562,0.053
Hum_XLOC_002705,K562,0.053
Hum_XLOC_002711,K562,0.053
Hum_XLOC_002714,K562,0.053
Hum_XLOC_002717,K562,0.053
Hum_XLOC_002725,K562,0.053
Hum_XLOC_002741,K562,0.053
Hum_XLOC_002742,K562,0.053
Hum_XLOC_002744,K562,0.053
Hum_XLOC_002760,K562,0.053
Hum_XLOC_002788,K562,0.053
Hum_XLOC_002792,K562,0.053
Hum_XLOC_002796,K562,0.053
Hum_XLOC_002817,K562,0.053
Hum_XLOC_002836,K562,0.053
Hum_XLOC_002844,K562,0.053
Hum_XLOC_002845,K562,0.053
Hum_XLOC_002859,K562,0.053
Hum_XLOC_002889,K562,0.053
Hum_XLOC_002911,K562,0.053
Hum_XLOC_002935,K562,0.053
Hum_XLOC_002937,K562,0.053
Hum_XLOC_002967,K562,0.053
Hum_XLOC_002983,K562,0.053
Hum_XLOC_002986,K562,0.053
Hum_XLOC_002990,K562,0.053
Hum_XLOC_003039,K562,0.053
Hum_XLOC_003061,K562,0.053
Hum_XLOC_003086,K562,0.053
Hum_XLOC_003099,K562,0.053
Hum_XLOC_003109,K562,0.053
Hum_XLOC_003128,K562,0.053
Hum_XLOC_003134,K562,0.053
Hum_XLOC_003137,K562,0.053
Hum_XLOC_003154,K562,0.053
Hum_XLOC_003155,K562,0.053
Hum_XLOC_003171,K562,0.053
Hum_XLOC_003209,K562,0.053
Hum_XLOC_003215,K562,0.053
Hum_XLOC_003221,K562,0.053
Hum_XLOC_003232,K562,0.053
Hum_XLOC_003268,K562,0.053
Hum_XLOC_003269,K562,0.053
Hum_XLOC_003286,K562,0.053
Hum_XLOC_003290,K562,0.053
Hum_XLOC_003294,K562,0.053
Hum_XLOC_003321,K562,0.053
Hum_XLOC_003324,K562,0.053
Hum_XLOC_003334,K562,0.053
Hum_XLOC_003337,K562,0.053
Hum_XLOC_003338,K562,0.053
Hum_XLOC_003352,K562,0.053
Hum_XLOC_003357,K562,0.053
Hum_XLOC_003361,K562,0.053
Hum_XLOC_003371,K562,0.053
Hum_XLOC_003381,K562,0.053
Hum_XLOC_003408,K562,0.053
Hum_XLOC_003436,K562,0.053
Hum_XLOC_003440,K562,0.053
Hum_XLOC_003450,K562,0.053
Hum_XLOC_003466,K562,0.053
Hum_XLOC_003488,K562,0.053
Hum_XLOC_003491,K562,0.053
Hum_XLOC_003497,K562,0.053
Hum_XLOC_003498,K562,0.053
Hum_XLOC_003502,K562,0.053
Hum_XLOC_003518,K562,0.053
Hum_XLOC_003532,K562,0.053
Hum_XLOC_003543,K562,0.053
Hum_XLOC_003554,K562,0.053
Hum_XLOC_003563,K562,0.053
Hum_XLOC_003567,K562,0.053
Hum_XLOC_003568,K562,0.053
Hum_XLOC_003570,K562,0.053
Hum_XLOC_003571,K562,0.053
Hum_XLOC_003593,K562,0.053
Hum_XLOC_003594,K562,0.053
Hum_XLOC_003598,K562,0.053
Hum_XLOC_003626,K562,0.053
Hum_XLOC_003628,K562,0.053
Hum_XLOC_003630,K562,0.053
Hum_XLOC_003641,K562,0.053
Hum_XLOC_003662,K562,0.053
Hum_XLOC_003665,K562,0.053
Hum_XLOC_003672,K562,0.053
Hum_XLOC_003673,K562,0.053
Hum_XLOC_003674,K562,0.053
Hum_XLOC_003676,K562,0.053
Hum_XLOC_003686,K562,0.053
Hum_XLOC_003697,K562,0.053
Hum_XLOC_003717,K562,0.053
Hum_XLOC_003725,K562,0.053
Hum_XLOC_003743,K562,0.053
Hum_XLOC_003754,K562,0.053
Hum_XLOC_003766,K562,0.053
Hum_XLOC_003775,K562,0.053
Hum_XLOC_003790,K562,0.053
Hum_XLOC_003799,K562,0.053
Hum_XLOC_003853,K562,0.053
Hum_XLOC_003865,K562,0.053
Hum_XLOC_003871,K562,0.053
Hum_XLOC_003891,K562,0.053
Hum_XLOC_003892,K562,0.053
Hum_XLOC_003910,K562,0.053
Hum_XLOC_003911,K562,0.053
Hum_XLOC_003952,K562,0.053
Hum_XLOC_003971,K562,0.053
Hum_XLOC_003988,K562,0.053
Hum_XLOC_004020,K562,0.053
Hum_XLOC_004035,K562,0.053
Hum_XLOC_004036,K562,0.053
Hum_XLOC_004048,K562,0.053
Hum_XLOC_004068,K562,0.053
Hum_XLOC_004069,K562,0.053
Hum_XLOC_004095,K562,0.053
Hum_XLOC_004096,K562,0.053
Hum_XLOC_004116,K562,0.053
Hum_XLOC_004123,K562,0.053
Hum_XLOC_004134,K562,0.053
Hum_XLOC_004161,K562,0.053
Hum_XLOC_004168,K562,0.053
Hum_XLOC_004169,K562,0.053
Hum_XLOC_004177,K562,0.053
Hum_XLOC_004200,K562,0.053
Hum_XLOC_004201,K562,0.053
Hum_XLOC_004219,K562,0.053
Hum_XLOC_004226,K562,0.053
Hum_XLOC_004227,K562,0.053
Hum_XLOC_004236,K562,0.053
Hum_XLOC_004254,K562,0.053
Hum_XLOC_004255,K562,0.053
Hum_XLOC_004262,K562,0.053
Hum_XLOC_004269,K562,0.053
Hum_XLOC_004277,K562,0.053
Hum_XLOC_004278,K562,0.053
Hum_XLOC_004282,K562,0.053
Hum_XLOC_004287,K562,0.053
Hum_XLOC_004293,K562,0.053
Hum_XLOC_004302,K562,0.053
Hum_XLOC_004303,K562,0.053
Hum_XLOC_004306,K562,0.053
Hum_XLOC_004309,K562,0.053
Hum_XLOC_004314,K562,0.053
Hum_XLOC_004317,K562,0.053
Hum_XLOC_004336,K562,0.053
Hum_XLOC_004343,K562,0.053
Hum_XLOC_004350,K562,0.053
Hum_XLOC_004361,K562,0.053
Hum_XLOC_004363,K562,0.053
Hum_XLOC_004401,K562,0.053
Hum_XLOC_004405,K562,0.053
Hum_XLOC_004407,K562,0.053
Hum_XLOC_004424,K562,0.053
Hum_XLOC_004437,K562,0.053
Hum_XLOC_004446,K562,0.053
Hum_XLOC_004457,K562,0.053
Hum_XLOC_004482,K562,0.053
Hum_XLOC_004502,K562,0.053
Hum_XLOC_004515,K562,0.053
Hum_XLOC_004529,K562,0.053
Hum_XLOC_004535,K562,0.053
Hum_XLOC_004553,K562,0.053
Hum_XLOC_004566,K562,0.053
Hum_XLOC_004567,K562,0.053
Hum_XLOC_004572,K562,0.053
Hum_XLOC_004578,K562,0.053
Hum_XLOC_004580,K562,0.053
Hum_XLOC_004581,K562,0.053
Hum_XLOC_004587,K562,0.053
Hum_XLOC_004600,K562,0.053
Hum_XLOC_004601,K562,0.053
Hum_XLOC_004607,K562,0.053
Hum_XLOC_004617,K562,0.053
Hum_XLOC_004619,K562,0.053
Hum_XLOC_004620,K562,0.053
Hum_XLOC_004632,K562,0.053
Hum_XLOC_004636,K562,0.053
Hum_XLOC_004652,K562,0.053
Hum_XLOC_004653,K562,0.053
Hum_XLOC_004657,K562,0.053
Hum_XLOC_004661,K562,0.053
Hum_XLOC_004683,K562,0.053
Hum_XLOC_004684,K562,0.053
Hum_XLOC_004688,K562,0.053
Hum_XLOC_004689,K562,0.053
Hum_XLOC_004705,K562,0.053
Hum_XLOC_004717,K562,0.053
Hum_XLOC_004718,K562,0.053
Hum_XLOC_004733,K562,0.053
Hum_XLOC_004741,K562,0.053
Hum_XLOC_004762,K562,0.053
Hum_XLOC_004771,K562,0.053
Hum_XLOC_004777,K562,0.053
Hum_XLOC_004788,K562,0.053
Hum_XLOC_004791,K562,0.053
Hum_XLOC_004795,K562,0.053
Hum_XLOC_004803,K562,0.053
Hum_XLOC_004805,K562,0.053
Hum_XLOC_004813,K562,0.053
Hum_XLOC_004815,K562,0.053
Hum_XLOC_004822,K562,0.053
Hum_XLOC_004823,K562,0.053
Hum_XLOC_004827,K562,0.053
Hum_XLOC_004837,K562,0.053
Hum_XLOC_004839,K562,0.053
Hum_XLOC_004855,K562,0.053
Hum_XLOC_004874,K562,0.053
Hum_XLOC_004875,K562,0.053
Hum_XLOC_004878,K562,0.053
Hum_XLOC_004884,K562,0.053
Hum_XLOC_004911,K562,0.053
Hum_XLOC_004915,K562,0.053
Hum_XLOC_004927,K562,0.053
Hum_XLOC_004929,K562,0.053
Hum_XLOC_004936,K562,0.053
Hum_XLOC_004957,K562,0.053
Hum_XLOC_004960,K562,0.053
Hum_XLOC_004965,K562,0.053
Hum_XLOC_000006,MDA-MB-231,0.053
Hum_XLOC_000008,MDA-MB-231,0.053
Hum_XLOC_000016,MDA-MB-231,0.053
Hum_XLOC_000030,MDA-MB-231,0.053
Hum_XLOC_000033,MDA-MB-231,0.053
Hum_XLOC_000039,MDA-MB-231,0.053
Hum_XLOC_000053,MDA-MB-231,0.053
Hum_XLOC_000057,MDA-MB-231,0.053
Hum_XLOC_000060,MDA-MB-231,0.053
Hum_XLOC_000080,MDA-MB-231,0.053
Hum_XLOC_000094,MDA-MB-231,0.053
Hum_XLOC_000100,MDA-MB-231,0.053
Hum_XLOC_000105,MDA-MB-231,0.053
Hum_XLOC_000107,MDA-MB-231,0.053
Hum_XLOC_000111,MDA-MB-231,0.053
Hum_XLOC_000134,MDA-MB-231,0.053
Hum_XLOC_000143,MDA-MB-231,0.053
Hum_XLOC_000145,MDA-MB-231,0.053
Hum_XLOC_000149,MDA-MB-231,0.053
Hum_XLOC_000155,MDA-MB-231,0.053
Hum_XLOC_000169,MDA-MB-231,0.053
Hum_XLOC_000170,MDA-MB-231,0.053
Hum_XLOC_000194,MDA-MB-231,0.053
Hum_XLOC_000201,MDA-MB-231,0.053
Hum_XLOC_000231,MDA-MB-231,0.053
Hum_XLOC_000233,MDA-MB-231,0.053
Hum_XLOC_000245,MDA-MB-231,0.053
Hum_XLOC_000247,MDA-MB-231,0.053
Hum_XLOC_000248,MDA-MB-231,0.053
Hum_XLOC_000265,MDA-MB-231,0.053
Hum_XLOC_000282,MDA-MB-231,0.053
Hum_XLOC_000286,MDA-MB-231,0.053
Hum_XLOC_000292,MDA-MB-231,0.053
Hum_XLOC_000307,MDA-MB-231,0.053
Hum_XLOC_000308,MDA-MB-231,0.053
Hum_XLOC_000312,MDA-MB-231,0.053
Hum_XLOC_000314,MDA-MB-231,0.053
Hum_XLOC_000317,MDA-MB-231,0.053
Hum_XLOC_000319,MDA-MB-231,0.053
Hum_XLOC_000332,MDA-MB-231,0.053
Hum_XLOC_000338,MDA-MB-231,0.053
Hum_XLOC_000342,MDA-MB-231,0.053
Hum_XLOC_000345,MDA-MB-231,0.053
Hum_XLOC_000362,MDA-MB-231,0.053
Hum_XLOC_000377,MDA-MB-231,0.053
Hum_XLOC_000390,MDA-MB-231,0.053
Hum_XLOC_000394,MDA-MB-231,0.053
Hum_XLOC_000411,MDA-MB-231,0.053
Hum_XLOC_000415,MDA-MB-231,0.053
Hum_XLOC_000430,MDA-MB-231,0.053
Hum_XLOC_000436,MDA-MB-231,0.053
Hum_XLOC_000437,MDA-MB-231,0.053
Hum_XLOC_000456,MDA-MB-231,0.053
Hum_XLOC_000461,MDA-MB-231,0.053
Hum_XLOC_000462,MDA-MB-231,0.053
Hum_XLOC_000465,MDA-MB-231,0.053
Hum_XLOC_000472,MDA-MB-231,0.053
Hum_XLOC_000474,MDA-MB-231,0.053
Hum_XLOC_000478,MDA-MB-231,0.053
Hum_XLOC_000486,MDA-MB-231,0.053
Hum_XLOC_000490,MDA-MB-231,0.053
Hum_XLOC_000498,MDA-MB-231,0.053
Hum_XLOC_000500,MDA-MB-231,0.053
Hum_XLOC_000510,MDA-MB-231,0.053
Hum_XLOC_000535,MDA-MB-231,0.053
Hum_XLOC_000540,MDA-MB-231,0.053
Hum_XLOC_000556,MDA-MB-231,0.053
Hum_XLOC_000574,MDA-MB-231,0.053
Hum_XLOC_000575,MDA-MB-231,0.053
Hum_XLOC_000582,MDA-MB-231,0.053
Hum_XLOC_000590,MDA-MB-231,0.053
Hum_XLOC_000601,MDA-MB-231,0.053
Hum_XLOC_000604,MDA-MB-231,0.053
Hum_XLOC_000608,MDA-MB-231,0.053
Hum_XLOC_000612,MDA-MB-231,0.053
Hum_XLOC_000636,MDA-MB-231,0.053
Hum_XLOC_000638,MDA-MB-231,0.053
Hum_XLOC_000641,MDA-MB-231,0.053
Hum_XLOC_000655,MDA-MB-231,0.053
Hum_XLOC_000668,MDA-MB-231,0.053
Hum_XLOC_000680,MDA-MB-231,0.053
Hum_XLOC_000681,MDA-MB-231,0.053
Hum_XLOC_000695,MDA-MB-231,0.053
Hum_XLOC_000702,MDA-MB-231,0.053
Hum_XLOC_000726,MDA-MB-231,0.053
Hum_XLOC_000727,MDA-MB-231,0.053
Hum_XLOC_000758,MDA-MB-231,0.053
Hum_XLOC_000773,MDA-MB-231,0.053
Hum_XLOC_000774,MDA-MB-231,0.053
Hum_XLOC_000797,MDA-MB-231,0.053
Hum_XLOC_000799,MDA-MB-231,0.053
Hum_XLOC_000800,MDA-MB-231,0.053
Hum_XLOC_000807,MDA-MB-231,0.053
Hum_XLOC_000818,MDA-MB-231,0.053
Hum_XLOC_000828,MDA-MB-231,0.053
Hum_XLOC_000831,MDA-MB-231,0.053
Hum_XLOC_000835,MDA-MB-231,0.053
Hum_XLOC_000840,MDA-MB-231,0.053
Hum_XLOC_000841,MDA-MB-231,0.053
Hum_XLOC_000842,MDA-MB-231,0.053
Hum_XLOC_000854,MDA-MB-231,0.053
Hum_XLOC_000855,MDA-MB-231,0.053
Hum_XLOC_000883,MDA-MB-231,0.053
Hum_XLOC_000885,MDA-MB-231,0.053
Hum_XLOC_000905,MDA-MB-231,0.053
Hum_XLOC_000917,MDA-MB-231,0.053
Hum_XLOC_000925,MDA-MB-231,0.053
Hum_XLOC_000944,MDA-MB-231,0.053
Hum_XLOC_000949,MDA-MB-231,0.053
Hum_XLOC_000953,MDA-MB-231,0.053
Hum_XLOC_000964,MDA-MB-231,0.053
Hum_XLOC_000990,MDA-MB-231,0.053
Hum_XLOC_000994,MDA-MB-231,0.053
Hum_XLOC_001020,MDA-MB-231,0.053
Hum_XLOC_001029,MDA-MB-231,0.053
Hum_XLOC_001066,MDA-MB-231,0.053
Hum_XLOC_001120,MDA-MB-231,0.053
Hum_XLOC_001121,MDA-MB-231,0.053
Hum_XLOC_001122,MDA-MB-231,0.053
Hum_XLOC_001125,MDA-MB-231,0.053
Hum_XLOC_001132,MDA-MB-231,0.053
Hum_XLOC_001138,MDA-MB-231,0.053
Hum_XLOC_001144,MDA-MB-231,0.053
Hum_XLOC_001146,MDA-MB-231,0.053
Hum_XLOC_001188,MDA-MB-231,0.053
Hum_XLOC_001191,MDA-MB-231,0.053
Hum_XLOC_001192,MDA-MB-231,0.053
Hum_XLOC_001217,MDA-MB-231,0.053
Hum_XLOC_001222,MDA-MB-231,0.053
Hum_XLOC_001228,MDA-MB-231,0.053
Hum_XLOC_001230,MDA-MB-231,0.053
Hum_XLOC_001237,MDA-MB-231,0.053
Hum_XLOC_001243,MDA-MB-231,0.053
Hum_XLOC_001275,MDA-MB-231,0.053
Hum_XLOC_001279,MDA-MB-231,0.053
Hum_XLOC_001291,MDA-MB-231,0.053
Hum_XLOC_001296,MDA-MB-231,0.053
Hum_XLOC_001297,MDA-MB-231,0.053
Hum_XLOC_001309,MDA-MB-231,0.053
Hum_XLOC_001329,MDA-MB-231,0.053
Hum_XLOC_001330,MDA-MB-231,0.053
Hum_XLOC_001355,MDA-MB-231,0.053
Hum_XLOC_001366,MDA-MB-231,0.053
Hum_XLOC_001367,MDA-MB-231,0.053
Hum_XLOC_001375,MDA-MB-231,0.053
Hum_XLOC_001390,MDA-MB-231,0.053
Hum_XLOC_001405,MDA-MB-231,0.053
Hum_XLOC_001461,MDA-MB-231,0.053
Hum_XLOC_001465,MDA-MB-231,0.053
Hum_XLOC_001488,MDA-MB-231,0.053
Hum_XLOC_001490,MDA-MB-231,0.053
Hum_XLOC_001509,MDA-MB-231,0.053
Hum_XLOC_001516,MDA-MB-231,0.053
Hum_XLOC_001532,MDA-MB-231,0.053
Hum_XLOC_001539,MDA-MB-231,0.053
Hum_XLOC_001541,MDA-MB-231,0.053
Hum_XLOC_001542,MDA-MB-231,0.053
Hum_XLOC_001548,MDA-MB-231,0.053
Hum_XLOC_001559,MDA-MB-231,0.053
Hum_XLOC_001565,MDA-MB-231,0.053
Hum_XLOC_001566,MDA-MB-231,0.053
Hum_XLOC_001575,MDA-MB-231,0.053
Hum_XLOC_001580,MDA-MB-231,0.053
Hum_XLOC_001590,MDA-MB-231,0.053
Hum_XLOC_001615,MDA-MB-231,0.053
Hum_XLOC_001624,MDA-MB-231,0.053
Hum_XLOC_001639,MDA-MB-231,0.053
Hum_XLOC_001661,MDA-MB-231,0.053
Hum_XLOC_001666,MDA-MB-231,0.053
Hum_XLOC_001668,MDA-MB-231,0.053
Hum_XLOC_001688,MDA-MB-231,0.053
Hum_XLOC_001689,MDA-MB-231,0.053
Hum_XLOC_001695,MDA-MB-231,0.053
Hum_XLOC_001696,MDA-MB-231,0.053
Hum_XLOC_001698,MDA-MB-231,0.053
Hum_XLOC_001707,MDA-MB-231,0.053
Hum_XLOC_001760,MDA-MB-231,0.053
Hum_XLOC_001761,MDA-MB-231,0.053
Hum_XLOC_001773,MDA-MB-231,0.053
Hum_XLOC_001775,MDA-MB-231,0.053
Hum_XLOC_001779,MDA-MB-231,0.053
Hum_XLOC_001783,MDA-MB-231,0.053
Hum_XLOC_001791,MDA-MB-231,0.053
Hum_XLOC_001805,MDA-MB-231,0.053
Hum_XLOC_001809,MDA-MB-231,0.053
Hum_XLOC_001848,MDA-MB-231,0.053
Hum_XLOC_001919,MDA-MB-231,0.053
Hum_XLOC_001941,MDA-MB-231,0.053
Hum_XLOC_001942,MDA-MB-231,0.053
Hum_XLOC_001949,MDA-MB-231,0.053
Hum_XLOC_001950,MDA-MB-231,0.053
Hum_XLOC_001953,MDA-MB-231,0.053
Hum_XLOC_001957,MDA-MB-231,0.053
Hum_XLOC_001961,MDA-MB-231,0.053
Hum_XLOC_001969,MDA-MB-231,0.053
Hum_XLOC_002024,MDA-MB-231,0.053
Hum_XLOC_002028,MDA-MB-231,0.053
Hum_XLOC_002033,MDA-MB-231,0.053
Hum_XLOC_002036,MDA-MB-231,0.053
Hum_XLOC_002037,MDA-MB-231,0.053
Hum_XLOC_002041,MDA-MB-231,0.053
Hum_XLOC_002059,MDA-MB-231,0.053
Hum_XLOC_002061,MDA-MB-231,0.053
Hum_XLOC_002068,MDA-MB-231,0.053
Hum_XLOC_002081,MDA-MB-231,0.053
Hum_XLOC_002093,MDA-MB-231,0.053
Hum_XLOC_002099,MDA-MB-231,0.053
Hum_XLOC_002144,MDA-MB-231,0.053
Hum_XLOC_002150,MDA-MB-231,0.053
Hum_XLOC_002152,MDA-MB-231,0.053
Hum_XLOC_002154,MDA-MB-231,0.053
Hum_XLOC_002169,MDA-MB-231,0.053
Hum_XLOC_002170,MDA-MB-231,0.053
Hum_XLOC_002176,MDA-MB-231,0.053
Hum_XLOC_002178,MDA-MB-231,0.053
Hum_XLOC_002186,MDA-MB-231,0.053
Hum_XLOC_002204,MDA-MB-231,0.053
Hum_XLOC_002205,MDA-MB-231,0.053
Hum_XLOC_002219,MDA-MB-231,0.053
Hum_XLOC_002244,MDA-MB-231,0.053
Hum_XLOC_002252,MDA-MB-231,0.053
Hum_XLOC_002261,MDA-MB-231,0.053
Hum_XLOC_002262,MDA-MB-231,0.053
Hum_XLOC_002265,MDA-MB-231,0.053
Hum_XLOC_002271,MDA-MB-231,0.053
Hum_XLOC_002280,MDA-MB-231,0.053
Hum_XLOC_002282,MDA-MB-231,0.053
Hum_XLOC_002283,MDA-MB-231,0.053
Hum_XLOC_002284,MDA-MB-231,0.053
Hum_XLOC_002294,MDA-MB-231,0.053
Hum_XLOC_002296,MDA-MB-231,0.053
Hum_XLOC_002299,MDA-MB-231,0.053
Hum_XLOC_002301,MDA-MB-231,0.053
Hum_XLOC_002306,MDA-MB-231,0.053
Hum_XLOC_002311,MDA-MB-231,0.053
Hum_XLOC_002313,MDA-MB-231,0.053
Hum_XLOC_002314,MDA-MB-231,0.053
Hum_XLOC_002327,MDA-MB-231,0.053
Hum_XLOC_002330,MDA-MB-231,0.053
Hum_XLOC_002338,MDA-MB-231,0.053
Hum_XLOC_002344,MDA-MB-231,0.053
Hum_XLOC_002347,MDA-MB-231,0.053
Hum_XLOC_002348,MDA-MB-231,0.053
Hum_XLOC_002362,MDA-MB-231,0.053
Hum_XLOC_002364,MDA-MB-231,0.053
Hum_XLOC_002383,MDA-MB-231,0.053
Hum_XLOC_002386,MDA-MB-231,0.053
Hum_XLOC_002390,MDA-MB-231,0.053
Hum_XLOC_002394,MDA-MB-231,0.053
Hum_XLOC_002398,MDA-MB-231,0.053
Hum_XLOC_002399,MDA-MB-231,0.053
Hum_XLOC_002408,MDA-MB-231,0.053
Hum_XLOC_002414,MDA-MB-231,0.053
Hum_XLOC_002418,MDA-MB-231,0.053
Hum_XLOC_002435,MDA-MB-231,0.053
Hum_XLOC_002440,MDA-MB-231,0.053
Hum_XLOC_002489,MDA-MB-231,0.053
Hum_XLOC_002490,MDA-MB-231,0.053
Hum_XLOC_002493,MDA-MB-231,0.053
Hum_XLOC_002520,MDA-MB-231,0.053
Hum_XLOC_002524,MDA-MB-231,0.053
Hum_XLOC_002546,MDA-MB-231,0.053
Hum_XLOC_002560,MDA-MB-231,0.053
Hum_XLOC_002570,MDA-MB-231,0.053
Hum_XLOC_002577,MDA-MB-231,0.053
Hum_XLOC_002579,MDA-MB-231,0.053
Hum_XLOC_002586,MDA-MB-231,0.053
Hum_XLOC_002589,MDA-MB-231,0.053
Hum_XLOC_002629,MDA-MB-231,0.053
Hum_XLOC_002631,MDA-MB-231,0.053
Hum_XLOC_002635,MDA-MB-231,0.053
Hum_XLOC_002644,MDA-MB-231,0.053
Hum_XLOC_002646,MDA-MB-231,0.053
Hum_XLOC_002653,MDA-MB-231,0.053
Hum_XLOC_002681,MDA-MB-231,0.053
Hum_XLOC_002695,MDA-MB-231,0.053
Hum_XLOC_002702,MDA-MB-231,0.053
Hum_XLOC_002705,MDA-MB-231,0.053
Hum_XLOC_002711,MDA-MB-231,0.053
Hum_XLOC_002714,MDA-MB-231,0.053
Hum_XLOC_002717,MDA-MB-231,0.053
Hum_XLOC_002725,MDA-MB-231,0.053
Hum_XLOC_002741,MDA-MB-231,0.053
Hum_XLOC_002742,MDA-MB-231,0.053
Hum_XLOC_002744,MDA-MB-231,0.053
Hum_XLOC_002760,MDA-MB-231,0.053
Hum_XLOC_002788,MDA-MB-231,0.053
Hum_XLOC_002792,MDA-MB-231,0.053
Hum_XLOC_002796,MDA-MB-231,0.053
Hum_XLOC_002817,MDA-MB-231,0.053
Hum_XLOC_002836,MDA-MB-231,0.053
Hum_XLOC_002844,MDA-MB-231,0.053
Hum_XLOC_002845,MDA-MB-231,0.053
Hum_XLOC_002859,MDA-MB-231,0.053
Hum_XLOC_002889,MDA-MB-231,0.053
Hum_XLOC_002911,MDA-MB-231,0.053
Hum_XLOC_002935,MDA-MB-231,0.053
Hum_XLOC_002937,MDA-MB-231,0.053
Hum_XLOC_002967,MDA-MB-231,0.053
Hum_XLOC_002983,MDA-MB-231,0.053
Hum_XLOC_002986,MDA-MB-231,0.053
Hum_XLOC_002990,MDA-MB-231,0.053
Hum_XLOC_003039,MDA-MB-231,0.053
Hum_XLOC_003061,MDA-MB-231,0.053
Hum_XLOC_003086,MDA-MB-231,0.053
Hum_XLOC_003099,MDA-MB-231,0.053
Hum_XLOC_003109,MDA-MB-231,0.053
Hum_XLOC_003128,MDA-MB-231,0.053
Hum_XLOC_003134,MDA-MB-231,0.053
Hum_XLOC_003137,MDA-MB-231,0.053
Hum_XLOC_003154,MDA-MB-231,0.053
Hum_XLOC_003155,MDA-MB-231,0.053
Hum_XLOC_003171,MDA-MB-231,0.053
Hum_XLOC_003209,MDA-MB-231,0.053
Hum_XLOC_003215,MDA-MB-231,0.053
Hum_XLOC_003221,MDA-MB-231,0.053
Hum_XLOC_003232,MDA-MB-231,0.053
Hum_XLOC_003268,MDA-MB-231,0.053
Hum_XLOC_003269,MDA-MB-231,0.053
Hum_XLOC_003286,MDA-MB-231,0.053
Hum_XLOC_003290,MDA-MB-231,0.053
Hum_XLOC_003294,MDA-MB-231,0.053
Hum_XLOC_003321,MDA-MB-231,0.053
Hum_XLOC_003324,MDA-MB-231,0.053
Hum_XLOC_003334,MDA-MB-231,0.053
Hum_XLOC_003337,MDA-MB-231,0.053
Hum_XLOC_003338,MDA-MB-231,0.053
Hum_XLOC_003352,MDA-MB-231,0.053
Hum_XLOC_003357,MDA-MB-231,0.053
Hum_XLOC_003361,MDA-MB-231,0.053
Hum_XLOC_003371,MDA-MB-231,0.053
Hum_XLOC_003381,MDA-MB-231,0.053
Hum_XLOC_003408,MDA-MB-231,0.053
Hum_XLOC_003436,MDA-MB-231,0.053
Hum_XLOC_003440,MDA-MB-231,0.053
Hum_XLOC_003450,MDA-MB-231,0.053
Hum_XLOC_003466,MDA-MB-231,0.053
Hum_XLOC_003488,MDA-MB-231,0.053
Hum_XLOC_003491,MDA-MB-231,0.053
Hum_XLOC_003497,MDA-MB-231,0.053
Hum_XLOC_003498,MDA-MB-231,0.053
Hum_XLOC_003502,MDA-MB-231,0.053
Hum_XLOC_003518,MDA-MB-231,0.053
Hum_XLOC_003532,MDA-MB-231,0.053
Hum_XLOC_003543,MDA-MB-231,0.053
Hum_XLOC_003554,MDA-MB-231,0.053
Hum_XLOC_003563,MDA-MB-231,0.053
Hum_XLOC_003567,MDA-MB-231,0.053
Hum_XLOC_003568,MDA-MB-231,0.053
Hum_XLOC_003570,MDA-MB-231,0.053
Hum_XLOC_003571,MDA-MB-231,0.053
Hum_XLOC_003593,MDA-MB-231,0.053
Hum_XLOC_003594,MDA-MB-231,0.053
Hum_XLOC_003598,MDA-MB-231,0.053
Hum_XLOC_003626,MDA-MB-231,0.053
Hum_XLOC_003628,MDA-MB-231,0.053
Hum_XLOC_003630,MDA-MB-231,0.053
Hum_XLOC_003641,MDA-MB-231,0.053
Hum_XLOC_003662,MDA-MB-231,0.053
Hum_XLOC_003665,MDA-MB-231,0.053
Hum_XLOC_003672,MDA-MB-231,0.053
Hum_XLOC_003673,MDA-MB-231,0.053
Hum_XLOC_003674,MDA-MB-231,0.053
Hum_XLOC_003676,MDA-MB-231,0.053
Hum_XLOC_003686,MDA-MB-231,0.053
Hum_XLOC_003697,MDA-MB-231,0.053
Hum_XLOC_003717,MDA-MB-231,0.053
Hum_XLOC_003725,MDA-MB-231,0.053
Hum_XLOC_003743,MDA-MB-231,0.053
Hum_XLOC_003754,MDA-MB-231,0.053
Hum_XLOC_003766,MDA-MB-231,0.053
Hum_XLOC_003775,MDA-MB-231,0.053
Hum_XLOC_003790,MDA-MB-231,0.053
Hum_XLOC_003799,MDA-MB-231,0.053
Hum_XLOC_003853,MDA-MB-231,0.053
Hum_XLOC_003865,MDA-MB-231,0.053
Hum_XLOC_003871,MDA-MB-231,0.053
Hum_XLOC_003891,MDA-MB-231,0.053
Hum_XLOC_003892,MDA-MB-231,0.053
Hum_XLOC_003910,MDA-MB-231,0.053
Hum_XLOC_003911,MDA-MB-231,0.053
Hum_XLOC_003952,MDA-MB-231,0.053
Hum_XLOC_003971,MDA-MB-231,0.053
Hum_XLOC_003988,MDA-MB-231,0.053
Hum_XLOC_004020,MDA-MB-231,0.053
Hum_XLOC_004035,MDA-MB-231,0.053
Hum_XLOC_004036,MDA-MB-231,0.053
Hum_XLOC_004048,MDA-MB-231,0.053
Hum_XLOC_004068,MDA-MB-231,0.053
Hum_XLOC_004069,MDA-MB-231,0.053
Hum_XLOC_004095,MDA-MB-231,0.053
Hum_XLOC_004096,MDA-MB-231,0.053
Hum_XLOC_004116,MDA-MB-231,0.053
Hum_XLOC_004123,MDA-MB-231,0.053
Hum_XLOC_004134,MDA-MB-231,0.053
Hum_XLOC_004161,MDA-MB-231,0.053
Hum_XLOC_004168,MDA-MB-231,0.053
Hum_XLOC_004169,MDA-MB-231,0.053
Hum_XLOC_004177,MDA-MB-231,0.053
Hum_XLOC_004200,MDA-MB-231,0.053
Hum_XLOC_004201,MDA-MB-231,0.053
Hum_XLOC_004219,MDA-MB-231,0.053
Hum_XLOC_004226,MDA-MB-231,0.053
Hum_XLOC_004227,MDA-MB-231,0.053
Hum_XLOC_004236,MDA-MB-231,0.053
Hum_XLOC_004254,MDA-MB-231,0.053
Hum_XLOC_004255,MDA-MB-231,0.053
Hum_XLOC_004262,MDA-MB-231,0.053
Hum_XLOC_004269,MDA-MB-231,0.053
Hum_XLOC_004277,MDA-MB-231,0.053
Hum_XLOC_004278,MDA-MB-231,0.053
Hum_XLOC_004282,MDA-MB-231,0.053
Hum_XLOC_004287,MDA-MB-231,0.053
Hum_XLOC_004293,MDA-MB-231,0.053
Hum_XLOC_004302,MDA-MB-231,0.053
Hum_XLOC_004303,MDA-MB-231,0.053
Hum_XLOC_004306,MDA-MB-231,0.053
Hum_XLOC_004309,MDA-MB-231,0.053
Hum_XLOC_004314,MDA-MB-231,0.053
Hum_XLOC_004317,MDA-MB-231,0.053
Hum_XLOC_004336,MDA-MB-231,0.053
Hum_XLOC_004343,MDA-MB-231,0.053
Hum_XLOC_004350,MDA-MB-231,0.053
Hum_XLOC_004361,MDA-MB-231,0.053
Hum_XLOC_004363,MDA-MB-231,0.053
Hum_XLOC_004401,MDA-MB-231,0.053
Hum_XLOC_004405,MDA-MB-231,0.053
Hum_XLOC_004407,MDA-MB-231,0.053
Hum_XLOC_004424,MDA-MB-231,0.053
Hum_XLOC_004437,MDA-MB-231,0.053
Hum_XLOC_004446,MDA-MB-231,0.053
Hum_XLOC_004457,MDA-MB-231,0.053
Hum_XLOC_004482,MDA-MB-231,0.053
Hum_XLOC_004502,MDA-MB-231,0.053
Hum_XLOC_004515,MDA-MB-231,0.053
Hum_XLOC_004529,MDA-MB-231,0.053
Hum_XLOC_004535,MDA-MB-231,0.053
Hum_XLOC_004553,MDA-MB-231,0.053
Hum_XLOC_004566,MDA-MB-231,0.053
Hum_XLOC_004567,MDA-MB-231,0.053
Hum_XLOC_004572,MDA-MB-231,0.053
Hum_XLOC_004578,MDA-MB-231,0.053
Hum_XLOC_004580,MDA-MB-231,0.053
Hum_XLOC_004581,MDA-MB-231,0.053
Hum_XLOC_004587,MDA-MB-231,0.053
Hum_XLOC_004600,MDA-MB-231,0.053
Hum_XLOC_004601,MDA-MB-231,0.053
Hum_XLOC_004607,MDA-MB-231,0.053
Hum_XLOC_004617,MDA-MB-231,0.053
Hum_XLOC_004619,MDA-MB-231,0.053
Hum_XLOC_004620,MDA-MB-231,0.053
Hum_XLOC_004632,MDA-MB-231,0.053
Hum_XLOC_004636,MDA-MB-231,0.053
Hum_XLOC_004652,MDA-MB-231,0.053
Hum_XLOC_004653,MDA-MB-231,0.053
Hum_XLOC_004657,MDA-MB-231,0.053
Hum_XLOC_004661,MDA-MB-231,0.053
Hum_XLOC_004683,MDA-MB-231,0.053
Hum_XLOC_004684,MDA-MB-231,0.053
Hum_XLOC_004688,MDA-MB-231,0.053
Hum_XLOC_004689,MDA-MB-231,0.053
Hum_XLOC_004705,MDA-MB-231,0.053
Hum_XLOC_004717,MDA-MB-231,0.053
Hum_XLOC_004718,MDA-MB-231,0.053
Hum_XLOC_004733,MDA-MB-231,0.053
Hum_XLOC_004741,MDA-MB-231,0.053
Hum_XLOC_004762,MDA-MB-231,0.053
Hum_XLOC_004771,MDA-MB-231,0.053
Hum_XLOC_004777,MDA-MB-231,0.053
Hum_XLOC_004788,MDA-MB-231,0.053
Hum_XLOC_004791,MDA-MB-231,0.053
Hum_XLOC_004795,MDA-MB-231,0.053
Hum_XLOC_004803,MDA-MB-231,0.053
Hum_XLOC_004805,MDA-MB-231,0.053
Hum_XLOC_004813,MDA-MB-231,0.053
Hum_XLOC_004815,MDA-MB-231,0.053
Hum_XLOC_004822,MDA-MB-231,0.053
Hum_XLOC_004823,MDA-MB-231,0.053
Hum_XLOC_004827,MDA-MB-231,0.053
Hum_XLOC_004837,MDA-MB-231,0.053
Hum_XLOC_004839,MDA-MB-231,0.053
Hum_XLOC_004855,MDA-MB-231,0.053
Hum_XLOC_004874,MDA-MB-231,0.053
Hum_XLOC_004875,MDA-MB-231,0.053
Hum_XLOC_004878,MDA-MB-231,0.053
Hum_XLOC_004884,MDA-MB-231,0.053
Hum_XLOC_004911,MDA-MB-231,0.053
Hum_XLOC_004915,MDA-MB-231,0.053
Hum_XLOC_004927,MDA-MB-231,0.053
Hum_XLOC_004929,MDA-MB-231,0.053
Hum_XLOC_004936,MDA-MB-231,0.053
Hum_XLOC_004957,MDA-MB-231,0.053
Hum_XLOC_004960,MDA-MB-231,0.053
Hum_XLOC_004965,MDA-MB-231,0.053
Hum_XLOC_000006,THP1,0.053
Hum_XLOC_000008,THP1,0.053
Hum_XLOC_000016,THP1,0.053
Hum_XLOC_000030,THP1,0.053
Hum_XLOC_000033,THP1,0.053
Hum_XLOC_000039,THP1,0.053
Hum_XLOC_000053,THP1,0.053
Hum_XLOC_000057,THP1,0.053
Hum_XLOC_000060,THP1,0.053
Hum_XLOC_000080,THP1,0.053
Hum_XLOC_000094,THP1,0.053
Hum_XLOC_000100,THP1,0.053
Hum_XLOC_000105,THP1,0.053
Hum_XLOC_000107,THP1,0.053
Hum_XLOC_000111,THP1,0.053
Hum_XLOC_000134,THP1,0.053
Hum_XLOC_000143,THP1,0.053
Hum_XLOC_000145,THP1,0.053
Hum_XLOC_000149,THP1,0.053
Hum_XLOC_000155,THP1,0.053
Hum_XLOC_000169,THP1,0.053
Hum_XLOC_000170,THP1,0.053
Hum_XLOC_000194,THP1,0.053
Hum_XLOC_000201,THP1,0.053
Hum_XLOC_000231,THP1,0.053
Hum_XLOC_000233,THP1,0.053
Hum_XLOC_000245,THP1,0.053
Hum_XLOC_000247,THP1,0.053
Hum_XLOC_000248,THP1,0.053
Hum_XLOC_000265,THP1,0.053
Hum_XLOC_000282,THP1,0.053
Hum_XLOC_000286,THP1,0.053
Hum_XLOC_000292,THP1,0.053
Hum_XLOC_000307,THP1,0.053
Hum_XLOC_000308,THP1,0.053
Hum_XLOC_000312,THP1,0.053
Hum_XLOC_000314,THP1,0.053
Hum_XLOC_000317,THP1,0.053
Hum_XLOC_000319,THP1,0.053
Hum_XLOC_000332,THP1,0.053
Hum_XLOC_000338,THP1,0.053
Hum_XLOC_000342,THP1,0.053
Hum_XLOC_000345,THP1,0.053
Hum_XLOC_000362,THP1,0.053
Hum_XLOC_000377,THP1,0.053
Hum_XLOC_000390,THP1,0.053
Hum_XLOC_000394,THP1,0.053
Hum_XLOC_000411,THP1,0.053
Hum_XLOC_000415,THP1,0.053
Hum_XLOC_000430,THP1,0.053
Hum_XLOC_000436,THP1,0.053
Hum_XLOC_000437,THP1,0.053
Hum_XLOC_000456,THP1,0.053
Hum_XLOC_000461,THP1,0.053
Hum_XLOC_000462,THP1,0.053
Hum_XLOC_000465,THP1,0.053
Hum_XLOC_000472,THP1,0.053
Hum_XLOC_000474,THP1,0.053
Hum_XLOC_000478,THP1,0.053
Hum_XLOC_000486,THP1,0.053
Hum_XLOC_000490,THP1,0.053
Hum_XLOC_000498,THP1,0.053
Hum_XLOC_000500,THP1,0.053
Hum_XLOC_000510,THP1,0.053
Hum_XLOC_000535,THP1,0.053
Hum_XLOC_000540,THP1,0.053
Hum_XLOC_000556,THP1,0.053
Hum_XLOC_000574,THP1,0.053
Hum_XLOC_000575,THP1,0.053
Hum_XLOC_000582,THP1,0.053
Hum_XLOC_000590,THP1,0.053
Hum_XLOC_000601,THP1,0.053
Hum_XLOC_000604,THP1,0.053
Hum_XLOC_000608,THP1,0.053
Hum_XLOC_000612,THP1,0.053
Hum_XLOC_000636,THP1,0.053
Hum_XLOC_000638,THP1,0.053
Hum_XLOC_000641,THP1,0.053
Hum_XLOC_000655,THP1,0.053
Hum_XLOC_000668,THP1,0.053
Hum_XLOC_000680,THP1,0.053
Hum_XLOC_000681,THP1,0.053
Hum_XLOC_000695,THP1,0.053
Hum_XLOC_000702,THP1,0.053
Hum_XLOC_000726,THP1,0.053
Hum_XLOC_000727,THP1,0.053
Hum_XLOC_000758,THP1,0.053
Hum_XLOC_000773,THP1,0.053
Hum_XLOC_000774,THP1,0.053
Hum_XLOC_000797,THP1,0.053
Hum_XLOC_000799,THP1,0.053
Hum_XLOC_000800,THP1,0.053
Hum_XLOC_000807,THP1,0.053
Hum_XLOC_000818,THP1,0.053
Hum_XLOC_000828,THP1,0.053
Hum_XLOC_000831,THP1,0.053
Hum_XLOC_000835,THP1,0.053
Hum_XLOC_000840,THP1,0.053
Hum_XLOC_000841,THP1,0.053
Hum_XLOC_000842,THP1,0.053
Hum_XLOC_000854,THP1,0.053
Hum_XLOC_000855,THP1,0.053
Hum_XLOC_000883,THP1,0.053
Hum_XLOC_000885,THP1,0.053
Hum_XLOC_000905,THP1,0.053
Hum_XLOC_000917,THP1,0.053
Hum_XLOC_000925,THP1,0.053
Hum_XLOC_000944,THP1,0.053
Hum_XLOC_000949,THP1,0.053
Hum_XLOC_000953,THP1,0.053
Hum_XLOC_000964,THP1,0.053
Hum_XLOC_000990,THP1,0.053
Hum_XLOC_000994,THP1,0.053
Hum_XLOC_001020,THP1,0.053
Hum_XLOC_001029,THP1,0.053
Hum_XLOC_001066,THP1,0.053
Hum_XLOC_001120,THP1,0.053
Hum_XLOC_001121,THP1,0.053
Hum_XLOC_001122,THP1,0.053
Hum_XLOC_001125,THP1,0.053
Hum_XLOC_001132,THP1,0.053
Hum_XLOC_001138,THP1,0.053
Hum_XLOC_001144,THP1,0.053
Hum_XLOC_001146,THP1,0.053
Hum_XLOC_001188,THP1,0.053
Hum_XLOC_001191,THP1,0.053
Hum_XLOC_001192,THP1,0.053
Hum_XLOC_001217,THP1,0.053
Hum_XLOC_001222,THP1,0.053
Hum_XLOC_001228,THP1,0.053
Hum_XLOC_001230,THP1,0.053
Hum_XLOC_001237,THP1,0.053
Hum_XLOC_001243,THP1,0.053
Hum_XLOC_001275,THP1,0.053
Hum_XLOC_001279,THP1,0.053
Hum_XLOC_001291,THP1,0.053
Hum_XLOC_001296,THP1,0.053
Hum_XLOC_001297,THP1,0.053
Hum_XLOC_001309,THP1,0.053
Hum_XLOC_001329,THP1,0.053
Hum_XLOC_001330,THP1,0.053
Hum_XLOC_001355,THP1,0.053
Hum_XLOC_001366,THP1,0.053
Hum_XLOC_001367,THP1,0.053
Hum_XLOC_001375,THP1,0.053
Hum_XLOC_001390,THP1,0.053
Hum_XLOC_001405,THP1,0.053
Hum_XLOC_001461,THP1,0.053
Hum_XLOC_001465,THP1,0.053
Hum_XLOC_001488,THP1,0.053
Hum_XLOC_001490,THP1,0.053
Hum_XLOC_001509,THP1,0.053
Hum_XLOC_001516,THP1,0.053
Hum_XLOC_001532,THP1,0.053
Hum_XLOC_001539,THP1,0.053
Hum_XLOC_001541,THP1,0.053
Hum_XLOC_001542,THP1,0.053
Hum_XLOC_001548,THP1,0.053
Hum_XLOC_001559,THP1,0.053
Hum_XLOC_001565,THP1,0.053
Hum_XLOC_001566,THP1,0.053
Hum_XLOC_001575,THP1,0.053
Hum_XLOC_001580,THP1,0.053
Hum_XLOC_001590,THP1,0.053
Hum_XLOC_001615,THP1,0.053
Hum_XLOC_001624,THP1,0.053
Hum_XLOC_001639,THP1,0.053
Hum_XLOC_001661,THP1,0.053
Hum_XLOC_001666,THP1,0.053
Hum_XLOC_001668,THP1,0.053
Hum_XLOC_001688,THP1,0.053
Hum_XLOC_001689,THP1,0.053
Hum_XLOC_001695,THP1,0.053
Hum_XLOC_001696,THP1,0.053
Hum_XLOC_001698,THP1,0.053
Hum_XLOC_001707,THP1,0.053
Hum_XLOC_001760,THP1,0.053
Hum_XLOC_001761,THP1,0.053
Hum_XLOC_001773,THP1,0.053
Hum_XLOC_001775,THP1,0.053
Hum_XLOC_001779,THP1,0.053
Hum_XLOC_001783,THP1,0.053
Hum_XLOC_001791,THP1,0.053
Hum_XLOC_001805,THP1,0.053
Hum_XLOC_001809,THP1,0.053
Hum_XLOC_001848,THP1,0.053
Hum_XLOC_001919,THP1,0.053
Hum_XLOC_001941,THP1,0.053
Hum_XLOC_001942,THP1,0.053
Hum_XLOC_001949,THP1,0.053
Hum_XLOC_001950,THP1,0.053
Hum_XLOC_001953,THP1,0.053
Hum_XLOC_001957,THP1,0.053
Hum_XLOC_001961,THP1,0.053
Hum_XLOC_001969,THP1,0.053
Hum_XLOC_002024,THP1,0.053
Hum_XLOC_002028,THP1,0.053
Hum_XLOC_002033,THP1,0.053
Hum_XLOC_002036,THP1,0.053
Hum_XLOC_002037,THP1,0.053
Hum_XLOC_002041,THP1,0.053
Hum_XLOC_002059,THP1,0.053
Hum_XLOC_002061,THP1,0.053
Hum_XLOC_002068,THP1,0.053
Hum_XLOC_002081,THP1,0.053
Hum_XLOC_002093,THP1,0.053
Hum_XLOC_002099,THP1,0.053
Hum_XLOC_002144,THP1,0.053
Hum_XLOC_002150,THP1,0.053
Hum_XLOC_002152,THP1,0.053
Hum_XLOC_002154,THP1,0.053
Hum_XLOC_002169,THP1,0.053
Hum_XLOC_002170,THP1,0.053
Hum_XLOC_002176,THP1,0.053
Hum_XLOC_002178,THP1,0.053
Hum_XLOC_002186,THP1,0.053
Hum_XLOC_002204,THP1,0.053
Hum_XLOC_002205,THP1,0.053
Hum_XLOC_002219,THP1,0.053
Hum_XLOC_002244,THP1,0.053
Hum_XLOC_002252,THP1,0.053
Hum_XLOC_002261,THP1,0.053
Hum_XLOC_002262,THP1,0.053
Hum_XLOC_002265,THP1,0.053
Hum_XLOC_002271,THP1,0.053
Hum_XLOC_002280,THP1,0.053
Hum_XLOC_002282,THP1,0.053
Hum_XLOC_002283,THP1,0.053
Hum_XLOC_002284,THP1,0.053
Hum_XLOC_002294,THP1,0.053
Hum_XLOC_002296,THP1,0.053
Hum_XLOC_002299,THP1,0.053
Hum_XLOC_002301,THP1,0.053
Hum_XLOC_002306,THP1,0.053
Hum_XLOC_002311,THP1,0.053
Hum_XLOC_002313,THP1,0.053
Hum_XLOC_002314,THP1,0.053
Hum_XLOC_002327,THP1,0.053
Hum_XLOC_002330,THP1,0.053
Hum_XLOC_002338,THP1,0.053
Hum_XLOC_002344,THP1,0.053
Hum_XLOC_002347,THP1,0.053
Hum_XLOC_002348,THP1,0.053
Hum_XLOC_002362,THP1,0.053
Hum_XLOC_002364,THP1,0.053
Hum_XLOC_002383,THP1,0.053
Hum_XLOC_002386,THP1,0.053
Hum_XLOC_002390,THP1,0.053
Hum_XLOC_002394,THP1,0.053
Hum_XLOC_002398,THP1,0.053
Hum_XLOC_002399,THP1,0.053
Hum_XLOC_002408,THP1,0.053
Hum_XLOC_002414,THP1,0.053
Hum_XLOC_002418,THP1,0.053
Hum_XLOC_002435,THP1,0.053
Hum_XLOC_002440,THP1,0.053
Hum_XLOC_002489,THP1,0.053
Hum_XLOC_002490,THP1,0.053
Hum_XLOC_002493,THP1,0.053
Hum_XLOC_002520,THP1,0.053
Hum_XLOC_002524,THP1,0.053
Hum_XLOC_002546,THP1,0.053
Hum_XLOC_002560,THP1,0.053
Hum_XLOC_002570,THP1,0.053
Hum_XLOC_002577,THP1,0.053
Hum_XLOC_002579,THP1,0.053
Hum_XLOC_002586,THP1,0.053
Hum_XLOC_002589,THP1,0.053
Hum_XLOC_002629,THP1,0.053
Hum_XLOC_002631,THP1,0.053
Hum_XLOC_002635,THP1,0.053
Hum_XLOC_002644,THP1,0.053
Hum_XLOC_002646,THP1,0.053
Hum_XLOC_002653,THP1,0.053
Hum_XLOC_002681,THP1,0.053
Hum_XLOC_002695,THP1,0.053
Hum_XLOC_002702,THP1,0.053
Hum_XLOC_002705,THP1,0.053
Hum_XLOC_002711,THP1,0.053
Hum_XLOC_002714,THP1,0.053
Hum_XLOC_002717,THP1,0.053
Hum_XLOC_002725,THP1,0.053
Hum_XLOC_002741,THP1,0.053
Hum_XLOC_002742,THP1,0.053
Hum_XLOC_002744,THP1,0.053
Hum_XLOC_002760,THP1,0.053
Hum_XLOC_002788,THP1,0.053
Hum_XLOC_002792,THP1,0.053
Hum_XLOC_002796,THP1,0.053
Hum_XLOC_002817,THP1,0.053
Hum_XLOC_002836,THP1,0.053
Hum_XLOC_002844,THP1,0.053
Hum_XLOC_002845,THP1,0.053
Hum_XLOC_002859,THP1,0.053
Hum_XLOC_002889,THP1,0.053
Hum_XLOC_002911,THP1,0.053
Hum_XLOC_002935,THP1,0.053
Hum_XLOC_002937,THP1,0.053
Hum_XLOC_002967,THP1,0.053
Hum_XLOC_002983,THP1,0.053
Hum_XLOC_002986,THP1,0.053
Hum_XLOC_002990,THP1,0.053
Hum_XLOC_003039,THP1,0.053
Hum_XLOC_003061,THP1,0.053
Hum_XLOC_003086,THP1,0.053
Hum_XLOC_003099,THP1,0.053
Hum_XLOC_003109,THP1,0.053
Hum_XLOC_003128,THP1,0.053
Hum_XLOC_003134,THP1,0.053
Hum_XLOC_003137,THP1,0.053
Hum_XLOC_003154,THP1,0.053
Hum_XLOC_003155,THP1,0.053
Hum_XLOC_003171,THP1,0.053
Hum_XLOC_003209,THP1,0.053
Hum_XLOC_003215,THP1,0.053
Hum_XLOC_003221,THP1,0.053
Hum_XLOC_003232,THP1,0.053
Hum_XLOC_003268,THP1,0.053
Hum_XLOC_003269,THP1,0.053
Hum_XLOC_003286,THP1,0.053
Hum_XLOC_003290,THP1,0.053
Hum_XLOC_003294,THP1,0.053
Hum_XLOC_003321,THP1,0.053
Hum_XLOC_003324,THP1,0.053
Hum_XLOC_003334,THP1,0.053
Hum_XLOC_003337,THP1,0.053
Hum_XLOC_003338,THP1,0.053
Hum_XLOC_003352,THP1,0.053
Hum_XLOC_003357,THP1,0.053
Hum_XLOC_003361,THP1,0.053
Hum_XLOC_003371,THP1,0.053
Hum_XLOC_003381,THP1,0.053
Hum_XLOC_003408,THP1,0.053
Hum_XLOC_003436,THP1,0.053
Hum_XLOC_003440,THP1,0.053
Hum_XLOC_003450,THP1,0.053
Hum_XLOC_003466,THP1,0.053
Hum_XLOC_003488,THP1,0.053
Hum_XLOC_003491,THP1,0.053
Hum_XLOC_003497,THP1,0.053
Hum_XLOC_003498,THP1,0.053
Hum_XLOC_003502,THP1,0.053
Hum_XLOC_003518,THP1,0.053
Hum_XLOC_003532,THP1,0.053
Hum_XLOC_003543,THP1,0.053
Hum_XLOC_003554,THP1,0.053
Hum_XLOC_003563,THP1,0.053
Hum_XLOC_003567,THP1,0.053
Hum_XLOC_003568,THP1,0.053
Hum_XLOC_003570,THP1,0.053
Hum_XLOC_003571,THP1,0.053
Hum_XLOC_003593,THP1,0.053
Hum_XLOC_003594,THP1,0.053
Hum_XLOC_003598,THP1,0.053
Hum_XLOC_003626,THP1,0.053
Hum_XLOC_003628,THP1,0.053
Hum_XLOC_003630,THP1,0.053
Hum_XLOC_003641,THP1,0.053
Hum_XLOC_003662,THP1,0.053
Hum_XLOC_003665,THP1,0.053
Hum_XLOC_003672,THP1,0.053
Hum_XLOC_003673,THP1,0.053
Hum_XLOC_003674,THP1,0.053
Hum_XLOC_003676,THP1,0.053
Hum_XLOC_003686,THP1,0.053
Hum_XLOC_003697,THP1,0.053
Hum_XLOC_003717,THP1,0.053
Hum_XLOC_003725,THP1,0.053
Hum_XLOC_003743,THP1,0.053
Hum_XLOC_003754,THP1,0.053
Hum_XLOC_003766,THP1,0.053
Hum_XLOC_003775,THP1,0.053
Hum_XLOC_003790,THP1,0.053
Hum_XLOC_003799,THP1,0.053
Hum_XLOC_003853,THP1,0.053
Hum_XLOC_003865,THP1,0.053
Hum_XLOC_003871,THP1,0.053
Hum_XLOC_003891,THP1,0.053
Hum_XLOC_003892,THP1,0.053
Hum_XLOC_003910,THP1,0.053
Hum_XLOC_003911,THP1,0.053
Hum_XLOC_003952,THP1,0.053
Hum_XLOC_003971,THP1,0.053
Hum_XLOC_003988,THP1,0.053
Hum_XLOC_004020,THP1,0.053
Hum_XLOC_004035,THP1,0.053
Hum_XLOC_004036,THP1,0.053
Hum_XLOC_004048,THP1,0.053
Hum_XLOC_004068,THP1,0.053
Hum_XLOC_004069,THP1,0.053
Hum_XLOC_004095,THP1,0.053
Hum_XLOC_004096,THP1,0.053
Hum_XLOC_004116,THP1,0.053
Hum_XLOC_004123,THP1,0.053
Hum_XLOC_004134,THP1,0.053
Hum_XLOC_004161,THP1,0.053
Hum_XLOC_004168,THP1,0.053
Hum_XLOC_004169,THP1,0.053
Hum_XLOC_004177,THP1,0.053
Hum_XLOC_004200,THP1,0.053
Hum_XLOC_004201,THP1,0.053
Hum_XLOC_004219,THP1,0.053
Hum_XLOC_004226,THP1,0.053
Hum_XLOC_004227,THP1,0.053
Hum_XLOC_004236,THP1,0.053
Hum_XLOC_004254,THP1,0.053
Hum_XLOC_004255,THP1,0.053
Hum_XLOC_004262,THP1,0.053
Hum_XLOC_004269,THP1,0.053
Hum_XLOC_004277,THP1,0.053
Hum_XLOC_004278,THP1,0.053
Hum_XLOC_004282,THP1,0.053
Hum_XLOC_004287,THP1,0.053
Hum_XLOC_004293,THP1,0.053
Hum_XLOC_004302,THP1,0.053
Hum_XLOC_004303,THP1,0.053
Hum_XLOC_004306,THP1,0.053
Hum_XLOC_004309,THP1,0.053
Hum_XLOC_004314,THP1,0.053
Hum_XLOC_004317,THP1,0.053
Hum_XLOC_004336,THP1,0.053
Hum_XLOC_004343,THP1,0.053
Hum_XLOC_004350,THP1,0.053
Hum_XLOC_004361,THP1,0.053
Hum_XLOC_004363,THP1,0.053
Hum_XLOC_004401,THP1,0.053
Hum_XLOC_004405,THP1,0.053
Hum_XLOC_004407,THP1,0.053
Hum_XLOC_004424,THP1,0.053
Hum_XLOC_004437,THP1,0.053
Hum_XLOC_004446,THP1,0.053
Hum_XLOC_004457,THP1,0.053
Hum_XLOC_004482,THP1,0.053
Hum_XLOC_004502,THP1,0.053
Hum_XLOC_004515,THP1,0.053
Hum_XLOC_004529,THP1,0.053
Hum_XLOC_004535,THP1,0.053
Hum_XLOC_004553,THP1,0.053
Hum_XLOC_004566,THP1,0.053
Hum_XLOC_004567,THP1,0.053
Hum_XLOC_004572,THP1,0.053
Hum_XLOC_004578,THP1,0.053
Hum_XLOC_004580,THP1,0.053
Hum_XLOC_004581,THP1,0.053
Hum_XLOC_004587,THP1,0.053
Hum_XLOC_004600,THP1,0.053
Hum_XLOC_004601,THP1,0.053
Hum_XLOC_004607,THP1,0.053
Hum_XLOC_004617,THP1,0.053
Hum_XLOC_004619,THP1,0.053
Hum_XLOC_004620,THP1,0.053
Hum_XLOC_004632,THP1,0.053
Hum_XLOC_004636,THP1,0.053
Hum_XLOC_004652,THP1,0.053
Hum_XLOC_004653,THP1,0.053
Hum_XLOC_004657,THP1,0.053
Hum_XLOC_004661,THP1,0.053
Hum_XLOC_004683,THP1,0.053
Hum_XLOC_004684,THP1,0.053
Hum_XLOC_004688,THP1,0.053
Hum_XLOC_004689,THP1,0.053
Hum_XLOC_004705,THP1,0.053
Hum_XLOC_004717,THP1,0.053
Hum_XLOC_004718,THP1,0.053
Hum_XLOC_004733,THP1,0.053
Hum_XLOC_004741,THP1,0.053
Hum_XLOC_004762,THP1,0.053
Hum_XLOC_004771,THP1,0.053
Hum_XLOC_004777,THP1,0.053
Hum_XLOC_004788,THP1,0.053
Hum_XLOC_004791,THP1,0.053
Hum_XLOC_004795,THP1,0.053
Hum_XLOC_004803,THP1,0.053
Hum_XLOC_004805,THP1,0.053
Hum_XLOC_004813,THP1,0.053
Hum_XLOC_004815,THP1,0.053
Hum_XLOC_004822,THP1,0.053
Hum_XLOC_004823,THP1,0.053
Hum_XLOC_004827,THP1,0.053
Hum_XLOC_004837,THP1,0.053
Hum_XLOC_004839,THP1,0.053
Hum_XLOC_004855,THP1,0.053
Hum_XLOC_004874,THP1,0.053
Hum_XLOC_004875,THP1,0.053
Hum_XLOC_004878,THP1,0.053
Hum_XLOC_004884,THP1,0.053
Hum_XLOC_004911,THP1,0.053
Hum_XLOC_004915,THP1,0.053
Hum_XLOC_004927,THP1,0.053
Hum_XLOC_004929,THP1,0.053
Hum_XLOC_004936,THP1,0.053
Hum_XLOC_004957,THP1,0.053
Hum_XLOC_004960,THP1,0.053
Hum_XLOC_004965,THP1,0.053
