model,split,n,pearson_r,spearman_rho,rmse,mae,r2
null,Overall,69292,NaN,NaN,0.4358,0.3263,-0.0224
null,HAP1,13888,NaN,NaN,0.5426,0.4115,-0.0227
null,HEK293FT,13728,NaN,NaN,0.4324,0.3366,-0.0036
null,K562,13884,NaN,NaN,0.4753,0.372,-0.1121
null,MDA-MB-231,13896,NaN,NaN,0.4263,0.3257,-0.0018
null,THP1,13896,NaN,NaN,0.2462,0.1858,-0.0366
null,Day 7,34646,NaN,NaN,0.4008,0.3043,-0.0097
null,Day 14,34646,NaN,NaN,0.4682,0.3483,-0.038
null,HAP1 Day 7,6944,NaN,NaN,0.4668,0.3643,-0.0283
null,HAP1 Day 14,6944,NaN,NaN,0.609,0.4588,-0.0195
null,HEK293FT Day 7,6864,NaN,NaN,0.4596,0.3551,-0.0
null,HEK293FT Day 14,6864,NaN,NaN,0.4034,0.318,-0.0186
null,K562 Day 7,6942,NaN,NaN,0.4068,0.3174,-0.0133
null,K562 Day 14,6942,NaN,NaN,0.5352,0.4267,-0.2946
null,MDA-MB-231 Day 7,6948,NaN,NaN,0.4015,0.3128,-0.0039
null,MDA-MB-231 Day 14,6948,NaN,NaN,0.4497,0.3385,-0.0006
null,THP1 Day 7,6948,NaN,NaN,0.2189,0.1724,-0.0545
null,THP1 Day 14,6948,NaN,NaN,0.2707,0.1991,-0.0256
ridge_a100.0,Overall,69292,0.0936,0.0792,0.4306,0.3221,0.0017
ridge_a100.0,HAP1,13888,0.0045,-0.0058,0.5398,0.4086,-0.0123
ridge_a100.0,HEK293FT,13728,0.0487,0.055,0.4321,0.3348,-0.0022
ridge_a100.0,K562,13884,0.0156,0.0114,0.4517,0.3538,-0.0044
ridge_a100.0,MDA-MB-231,13896,-0.0014,-0.0056,0.4305,0.3301,-0.022
ridge_a100.0,THP1,13896,0.0045,-0.0006,0.2444,0.1835,-0.0222
ridge_a100.0,Day 7,34646,0.0135,0.0126,0.4046,0.3065,-0.029
ridge_a100.0,Day 14,34646,0.1597,0.1408,0.4552,0.3377,0.0188
ridge_a100.0,HAP1 Day 7,6944,0.0111,0.0032,0.4639,0.3614,-0.0156
ridge_a100.0,HAP1 Day 14,6944,-0.0015,-0.0166,0.6063,0.4558,-0.0105
ridge_a100.0,HEK293FT Day 7,6864,0.0561,0.0633,0.4618,0.3544,-0.0098
ridge_a100.0,HEK293FT Day 14,6864,0.029,0.0378,0.4002,0.3152,-0.0025
ridge_a100.0,K562 Day 7,6942,-0.0058,-0.0073,0.4216,0.3295,-0.0887
ridge_a100.0,K562 Day 14,6942,-0.0026,-0.0107,0.4799,0.3782,-0.0411
ridge_a100.0,MDA-MB-231 Day 7,6948,-0.0053,-0.0084,0.4072,0.3179,-0.0326
ridge_a100.0,MDA-MB-231 Day 14,6948,0.0047,-0.0015,0.4527,0.3424,-0.0141
ridge_a100.0,THP1 Day 7,6948,0.0017,0.001,0.2167,0.1701,-0.034
ridge_a100.0,THP1 Day 14,6948,0.0091,-0.0011,0.2693,0.1968,-0.015
lasso_a0.01,Overall,69292,0.1047,0.0913,0.4336,0.3251,-0.0121
lasso_a0.01,HAP1,13888,NaN,NaN,0.5443,0.4132,-0.029
lasso_a0.01,HEK293FT,13728,NaN,NaN,0.4332,0.3375,-0.0072
lasso_a0.01,K562,13884,NaN,NaN,0.4589,0.3586,-0.0363
lasso_a0.01,MDA-MB-231,13896,NaN,NaN,0.429,0.3286,-0.0147
lasso_a0.01,THP1,13896,NaN,NaN,0.2483,0.1879,-0.0551
lasso_a0.01,Day 7,34646,0.013,0.0156,0.4017,0.3053,-0.0147
lasso_a0.01,Day 14,34646,0.1851,0.1652,0.4633,0.3449,-0.0163
lasso_a0.01,HAP1 Day 7,6944,NaN,NaN,0.4687,0.366,-0.0365
lasso_a0.01,HAP1 Day 14,6944,NaN,NaN,0.6106,0.4604,-0.0247
lasso_a0.01,HEK293FT Day 7,6864,NaN,NaN,0.4596,0.3557,-0.0003
lasso_a0.01,HEK293FT Day 14,6864,NaN,NaN,0.405,0.3194,-0.0265
lasso_a0.01,K562 Day 7,6942,NaN,NaN,0.4045,0.3152,-0.0021
lasso_a0.01,K562 Day 14,6942,NaN,NaN,0.5074,0.4021,-0.1637
lasso_a0.01,MDA-MB-231 Day 7,6948,NaN,NaN,0.405,0.3157,-0.0213
lasso_a0.01,MDA-MB-231 Day 14,6948,NaN,NaN,0.4517,0.3414,-0.0099
lasso_a0.01,THP1 Day 7,6948,NaN,NaN,0.2215,0.1747,-0.08
lasso_a0.01,THP1 Day 14,6948,NaN,NaN,0.2725,0.2011,-0.0397
xgboost_body_kmer,Overall,69292,0.2255,0.1722,0.4201,0.3139,0.0498
xgboost_body_kmer,HAP1,13888,0.0793,0.0547,0.5349,0.4036,0.0062
xgboost_body_kmer,HEK293FT,13728,0.194,0.1562,0.4243,0.3302,0.0338
xgboost_body_kmer,K562,13884,0.3347,0.3129,0.4253,0.3322,0.1098
xgboost_body_kmer,MDA-MB-231,13896,0.146,0.1154,0.4216,0.3226,0.0199
xgboost_body_kmer,THP1,13896,0.0968,0.0469,0.2406,0.181,0.0094
xgboost_body_kmer,Day 7,34646,0.1452,0.1042,0.3947,0.2992,0.0204
xgboost_body_kmer,Day 14,34646,0.2601,0.2265,0.444,0.3285,0.0663
xgboost_body_kmer,HAP1 Day 7,6944,0.0457,0.015,0.4601,0.3574,0.0013
xgboost_body_kmer,HAP1 Day 14,6944,0.0971,0.0839,0.6004,0.4498,0.0091
xgboost_body_kmer,HEK293FT Day 7,6864,0.2359,0.2068,0.4486,0.3467,0.0469
xgboost_body_kmer,HEK293FT Day 14,6864,0.0823,0.0798,0.3984,0.3137,0.0066
xgboost_body_kmer,K562 Day 7,6942,0.0351,0.0341,0.4039,0.3148,0.0007
xgboost_body_kmer,K562 Day 14,6942,0.329,0.2968,0.4456,0.3496,0.1027
xgboost_body_kmer,MDA-MB-231 Day 7,6948,0.1162,0.0922,0.398,0.3106,0.0134
xgboost_body_kmer,MDA-MB-231 Day 14,6948,0.1674,0.1362,0.444,0.3347,0.0246
xgboost_body_kmer,THP1 Day 7,6948,0.0792,0.0387,0.2125,0.1673,0.0057
xgboost_body_kmer,THP1 Day 14,6948,0.1086,0.0546,0.2658,0.1947,0.0114
