holdout,scheme,seed,weights,auroc,auprc
HAP1,uniform,0,K562=1.000;MDA-MB-231=1.000,0.7248,0.1702
HAP1,uniform,1,K562=1.000;MDA-MB-231=1.000,0.7217,0.163
HAP1,uniform,2,K562=1.000;MDA-MB-231=1.000,0.7117,0.1577
HAP1,uniform,3,K562=1.000;MDA-MB-231=1.000,0.7191,0.1578
HAP1,uniform,4,K562=1.000;MDA-MB-231=1.000,0.7113,0.1552
HAP1,uniform,5,K562=1.000;MDA-MB-231=1.000,0.7143,0.1605
HAP1,uniform,6,K562=1.000;MDA-MB-231=1.000,0.7204,0.1656
HAP1,uniform,7,K562=1.000;MDA-MB-231=1.000,0.7217,0.1682
HAP1,umap,0,K562=0.382;MDA-MB-231=1.618,0.7259,0.1752
HAP1,umap,1,K562=0.382;MDA-MB-231=1.618,0.7275,0.1733
HAP1,umap,2,K562=0.382;MDA-MB-231=1.618,0.7148,0.164
HAP1,umap,3,K562=0.382;MDA-MB-231=1.618,0.7233,0.1666
HAP1,umap,4,K562=0.382;MDA-MB-231=1.618,0.7169,0.163
HAP1,umap,5,K562=0.382;MDA-MB-231=1.618,0.7155,0.171
HAP1,umap,6,K562=0.382;MDA-MB-231=1.618,0.7242,0.1739
HAP1,umap,7,K562=0.382;MDA-MB-231=1.618,0.7295,0.1796
HAP1,pca70,0,K562=0.889;MDA-MB-231=1.111,0.7295,0.173
HAP1,pca70,1,K562=0.889;MDA-MB-231=1.111,0.7246,0.1743
HAP1,pca70,2,K562=0.889;MDA-MB-231=1.111,0.7141,0.1637
HAP1,pca70,3,K562=0.889;MDA-MB-231=1.111,0.7212,0.1673
HAP1,pca70,4,K562=0.889;MDA-MB-231=1.111,0.7166,0.167
HAP1,pca70,5,K562=0.889;MDA-MB-231=1.111,0.7155,0.1705
HAP1,pca70,6,K562=0.889;MDA-MB-231=1.111,0.7217,0.1727
HAP1,pca70,7,K562=0.889;MDA-MB-231=1.111,0.7227,0.1726
HAP1,lineage,0,K562=1.500;MDA-MB-231=0.500,0.7154,0.1542
HAP1,lineage,1,K562=1.500;MDA-MB-231=0.500,0.7115,0.1507
HAP1,lineage,2,K562=1.500;MDA-MB-231=0.500,0.7107,0.1488
HAP1,lineage,3,K562=1.500;MDA-MB-231=0.500,0.7083,0.1453
HAP1,lineage,4,K562=1.500;MDA-MB-231=0.500,0.7074,0.1426
HAP1,lineage,5,K562=1.500;MDA-MB-231=0.500,0.7038,0.1502
HAP1,lineage,6,K562=1.500;MDA-MB-231=0.500,0.7187,0.1551
HAP1,lineage,7,K562=1.500;MDA-MB-231=0.500,0.7233,0.1568
HAP1,posrate,0,K562=0.563;MDA-MB-231=1.437,0.7206,0.1778
HAP1,posrate,1,K562=0.563;MDA-MB-231=1.437,0.7311,0.1766
HAP1,posrate,2,K562=0.563;MDA-MB-231=1.437,0.7122,0.1658
HAP1,posrate,3,K562=0.563;MDA-MB-231=1.437,0.714,0.1741
HAP1,posrate,4,K562=0.563;MDA-MB-231=1.437,0.7123,0.1648
HAP1,posrate,5,K562=0.563;MDA-MB-231=1.437,0.7178,0.174
HAP1,posrate,6,K562=0.563;MDA-MB-231=1.437,0.7188,0.172
HAP1,posrate,7,K562=0.563;MDA-MB-231=1.437,0.7227,0.1786
K562,uniform,0,HAP1=1.000;MDA-MB-231=1.000,0.6709,0.16
K562,uniform,1,HAP1=1.000;MDA-MB-231=1.000,0.6625,0.1537
K562,uniform,2,HAP1=1.000;MDA-MB-231=1.000,0.6586,0.1534
K562,uniform,3,HAP1=1.000;MDA-MB-231=1.000,0.6772,0.1596
K562,uniform,4,HAP1=1.000;MDA-MB-231=1.000,0.6775,0.1591
K562,uniform,5,HAP1=1.000;MDA-MB-231=1.000,0.6561,0.1551
K562,uniform,6,HAP1=1.000;MDA-MB-231=1.000,0.6701,0.1574
K562,uniform,7,HAP1=1.000;MDA-MB-231=1.000,0.6677,0.1557
K562,umap,0,HAP1=0.929;MDA-MB-231=1.071,0.6745,0.1593
K562,umap,1,HAP1=0.929;MDA-MB-231=1.071,0.6634,0.1538
K562,umap,2,HAP1=0.929;MDA-MB-231=1.071,0.6649,0.156
K562,umap,3,HAP1=0.929;MDA-MB-231=1.071,0.668,0.1564
K562,umap,4,HAP1=0.929;MDA-MB-231=1.071,0.6813,0.1605
K562,umap,5,HAP1=0.929;MDA-MB-231=1.071,0.6647,0.1586
K562,umap,6,HAP1=0.929;MDA-MB-231=1.071,0.6733,0.1596
K562,umap,7,HAP1=0.929;MDA-MB-231=1.071,0.6693,0.1543
K562,pca70,0,HAP1=1.047;MDA-MB-231=0.953,0.667,0.1572
K562,pca70,1,HAP1=1.047;MDA-MB-231=0.953,0.6579,0.1557
K562,pca70,2,HAP1=1.047;MDA-MB-231=0.953,0.6615,0.1554
K562,pca70,3,HAP1=1.047;MDA-MB-231=0.953,0.6766,0.1604
K562,pca70,4,HAP1=1.047;MDA-MB-231=0.953,0.6777,0.1607
K562,pca70,5,HAP1=1.047;MDA-MB-231=0.953,0.6602,0.1556
K562,pca70,6,HAP1=1.047;MDA-MB-231=0.953,0.671,0.1564
K562,pca70,7,HAP1=1.047;MDA-MB-231=0.953,0.6746,0.1584
K562,lineage,0,HAP1=1.500;MDA-MB-231=0.500,0.6734,0.1571
K562,lineage,1,HAP1=1.500;MDA-MB-231=0.500,0.6682,0.1527
K562,lineage,2,HAP1=1.500;MDA-MB-231=0.500,0.673,0.1599
K562,lineage,3,HAP1=1.500;MDA-MB-231=0.500,0.6744,0.1599
K562,lineage,4,HAP1=1.500;MDA-MB-231=0.500,0.6755,0.1582
K562,lineage,5,HAP1=1.500;MDA-MB-231=0.500,0.6606,0.1549
K562,lineage,6,HAP1=1.500;MDA-MB-231=0.500,0.6676,0.1556
K562,lineage,7,HAP1=1.500;MDA-MB-231=0.500,0.6721,0.1564
K562,posrate,0,HAP1=0.801;MDA-MB-231=1.199,0.6685,0.1581
K562,posrate,1,HAP1=0.801;MDA-MB-231=1.199,0.6635,0.1554
K562,posrate,2,HAP1=0.801;MDA-MB-231=1.199,0.6632,0.155
K562,posrate,3,HAP1=0.801;MDA-MB-231=1.199,0.6692,0.1562
K562,posrate,4,HAP1=0.801;MDA-MB-231=1.199,0.6736,0.157
K562,posrate,5,HAP1=0.801;MDA-MB-231=1.199,0.6658,0.1557
K562,posrate,6,HAP1=0.801;MDA-MB-231=1.199,0.6784,0.16
K562,posrate,7,HAP1=0.801;MDA-MB-231=1.199,0.665,0.1531
MDA-MB-231,uniform,0,HAP1=1.000;K562=1.000,0.7435,0.1584
MDA-MB-231,uniform,1,HAP1=1.000;K562=1.000,0.7497,0.1548
MDA-MB-231,uniform,2,HAP1=1.000;K562=1.000,0.7487,0.1512
MDA-MB-231,uniform,3,HAP1=1.000;K562=1.000,0.7487,0.1515
MDA-MB-231,uniform,4,HAP1=1.000;K562=1.000,0.7496,0.1584
MDA-MB-231,uniform,5,HAP1=1.000;K562=1.000,0.747,0.1535
MDA-MB-231,uniform,6,HAP1=1.000;K562=1.000,0.7539,0.1461
MDA-MB-231,uniform,7,HAP1=1.000;K562=1.000,0.7526,0.1563
MDA-MB-231,umap,0,HAP1=1.595;K562=0.405,0.7546,0.1631
MDA-MB-231,umap,1,HAP1=1.595;K562=0.405,0.7536,0.1559
MDA-MB-231,umap,2,HAP1=1.595;K562=0.405,0.7526,0.1534
MDA-MB-231,umap,3,HAP1=1.595;K562=0.405,0.7564,0.1595
MDA-MB-231,umap,4,HAP1=1.595;K562=0.405,0.7551,0.1647
MDA-MB-231,umap,5,HAP1=1.595;K562=0.405,0.7611,0.1635
MDA-MB-231,umap,6,HAP1=1.595;K562=0.405,0.7618,0.1684
MDA-MB-231,umap,7,HAP1=1.595;K562=0.405,0.7544,0.1735
MDA-MB-231,pca70,0,HAP1=1.157;K562=0.843,0.7456,0.1663
MDA-MB-231,pca70,1,HAP1=1.157;K562=0.843,0.7547,0.1598
MDA-MB-231,pca70,2,HAP1=1.157;K562=0.843,0.7471,0.1505
MDA-MB-231,pca70,3,HAP1=1.157;K562=0.843,0.7487,0.1532
MDA-MB-231,pca70,4,HAP1=1.157;K562=0.843,0.7525,0.1629
MDA-MB-231,pca70,5,HAP1=1.157;K562=0.843,0.7516,0.1601
MDA-MB-231,pca70,6,HAP1=1.157;K562=0.843,0.7554,0.1571
MDA-MB-231,pca70,7,HAP1=1.157;K562=0.843,0.7557,0.1639
MDA-MB-231,lineage,0,HAP1=1.000;K562=1.000,0.7435,0.1584
MDA-MB-231,lineage,1,HAP1=1.000;K562=1.000,0.7497,0.1548
MDA-MB-231,lineage,2,HAP1=1.000;K562=1.000,0.7487,0.1512
MDA-MB-231,lineage,3,HAP1=1.000;K562=1.000,0.7487,0.1515
MDA-MB-231,lineage,4,HAP1=1.000;K562=1.000,0.7496,0.1584
MDA-MB-231,lineage,5,HAP1=1.000;K562=1.000,0.747,0.1535
MDA-MB-231,lineage,6,HAP1=1.000;K562=1.000,0.7539,0.1461
MDA-MB-231,lineage,7,HAP1=1.000;K562=1.000,0.7526,0.1563
MDA-MB-231,posrate,0,HAP1=1.261;K562=0.739,0.7539,0.1697
MDA-MB-231,posrate,1,HAP1=1.261;K562=0.739,0.7483,0.1565
MDA-MB-231,posrate,2,HAP1=1.261;K562=0.739,0.7519,0.1555
MDA-MB-231,posrate,3,HAP1=1.261;K562=0.739,0.7548,0.1577
MDA-MB-231,posrate,4,HAP1=1.261;K562=0.739,0.7571,0.1628
MDA-MB-231,posrate,5,HAP1=1.261;K562=0.739,0.7545,0.1688
MDA-MB-231,posrate,6,HAP1=1.261;K562=0.739,0.7547,0.1603
MDA-MB-231,posrate,7,HAP1=1.261;K562=0.739,0.7517,0.1632
