part,source,target,weight,seed,auprc,auroc
single_source,HAP1,K562,1.0,0,0.1603,
single_source,HAP1,K562,1.0,1,0.1616,
single_source,HAP1,K562,1.0,2,0.1584,
single_source,HAP1,K562,1.0,3,0.1603,
single_source,HAP1,K562,1.0,4,0.1625,
single_source,HAP1,K562,1.0,5,0.1608,
single_source,HAP1,K562,1.0,6,0.1599,
single_source,HAP1,K562,1.0,7,0.1601,
single_source,HAP1,K562,1.0,8,0.1578,
single_source,HAP1,K562,1.0,9,0.1599,
single_source,HAP1,K562,1.0,10,0.1613,
single_source,HAP1,K562,1.0,11,0.1597,
single_source,HAP1,K562,1.0,12,0.1621,
single_source,HAP1,K562,1.0,13,0.1606,
single_source,HAP1,K562,1.0,14,0.158,
single_source,HAP1,K562,1.0,15,0.16,
single_source,HAP1,K562,1.0,16,0.1603,
single_source,HAP1,K562,1.0,17,0.16,
single_source,HAP1,K562,1.0,18,0.1615,
single_source,HAP1,K562,1.0,19,0.1569,
single_source,HAP1,MDA-MB-231,1.0,0,0.1695,
single_source,HAP1,MDA-MB-231,1.0,1,0.171,
single_source,HAP1,MDA-MB-231,1.0,2,0.1582,
single_source,HAP1,MDA-MB-231,1.0,3,0.1589,
single_source,HAP1,MDA-MB-231,1.0,4,0.1701,
single_source,HAP1,MDA-MB-231,1.0,5,0.1743,
single_source,HAP1,MDA-MB-231,1.0,6,0.1732,
single_source,HAP1,MDA-MB-231,1.0,7,0.1665,
single_source,HAP1,MDA-MB-231,1.0,8,0.1617,
single_source,HAP1,MDA-MB-231,1.0,9,0.1684,
single_source,HAP1,MDA-MB-231,1.0,10,0.1702,
single_source,HAP1,MDA-MB-231,1.0,11,0.1762,
single_source,HAP1,MDA-MB-231,1.0,12,0.1696,
single_source,HAP1,MDA-MB-231,1.0,13,0.1691,
single_source,HAP1,MDA-MB-231,1.0,14,0.1613,
single_source,HAP1,MDA-MB-231,1.0,15,0.1702,
single_source,HAP1,MDA-MB-231,1.0,16,0.1708,
single_source,HAP1,MDA-MB-231,1.0,17,0.1664,
single_source,HAP1,MDA-MB-231,1.0,18,0.1705,
single_source,HAP1,MDA-MB-231,1.0,19,0.1697,
single_source,K562,HAP1,1.0,0,0.1358,
single_source,K562,HAP1,1.0,1,0.1471,
single_source,K562,HAP1,1.0,2,0.1454,
single_source,K562,HAP1,1.0,3,0.1398,
single_source,K562,HAP1,1.0,4,0.1455,
single_source,K562,HAP1,1.0,5,0.1473,
single_source,K562,HAP1,1.0,6,0.154,
single_source,K562,HAP1,1.0,7,0.1488,
single_source,K562,HAP1,1.0,8,0.1468,
single_source,K562,HAP1,1.0,9,0.1439,
single_source,K562,HAP1,1.0,10,0.1468,
single_source,K562,HAP1,1.0,11,0.1462,
single_source,K562,HAP1,1.0,12,0.1492,
single_source,K562,HAP1,1.0,13,0.1489,
single_source,K562,HAP1,1.0,14,0.1344,
single_source,K562,HAP1,1.0,15,0.1444,
single_source,K562,HAP1,1.0,16,0.1424,
single_source,K562,HAP1,1.0,17,0.1471,
single_source,K562,HAP1,1.0,18,0.1442,
single_source,K562,HAP1,1.0,19,0.1466,
single_source,K562,MDA-MB-231,1.0,0,0.1328,
single_source,K562,MDA-MB-231,1.0,1,0.1288,
single_source,K562,MDA-MB-231,1.0,2,0.1312,
single_source,K562,MDA-MB-231,1.0,3,0.1296,
single_source,K562,MDA-MB-231,1.0,4,0.1311,
single_source,K562,MDA-MB-231,1.0,5,0.1348,
single_source,K562,MDA-MB-231,1.0,6,0.1325,
single_source,K562,MDA-MB-231,1.0,7,0.1397,
single_source,K562,MDA-MB-231,1.0,8,0.1289,
single_source,K562,MDA-MB-231,1.0,9,0.1291,
single_source,K562,MDA-MB-231,1.0,10,0.1314,
single_source,K562,MDA-MB-231,1.0,11,0.1313,
single_source,K562,MDA-MB-231,1.0,12,0.1308,
single_source,K562,MDA-MB-231,1.0,13,0.134,
single_source,K562,MDA-MB-231,1.0,14,0.1272,
single_source,K562,MDA-MB-231,1.0,15,0.1329,
single_source,K562,MDA-MB-231,1.0,16,0.1294,
single_source,K562,MDA-MB-231,1.0,17,0.1371,
single_source,K562,MDA-MB-231,1.0,18,0.135,
single_source,K562,MDA-MB-231,1.0,19,0.1401,
single_source,MDA-MB-231,HAP1,1.0,0,0.1666,
single_source,MDA-MB-231,HAP1,1.0,1,0.1689,
single_source,MDA-MB-231,HAP1,1.0,2,0.1673,
single_source,MDA-MB-231,HAP1,1.0,3,0.1681,
single_source,MDA-MB-231,HAP1,1.0,4,0.1614,
single_source,MDA-MB-231,HAP1,1.0,5,0.167,
single_source,MDA-MB-231,HAP1,1.0,6,0.1668,
single_source,MDA-MB-231,HAP1,1.0,7,0.1702,
single_source,MDA-MB-231,HAP1,1.0,8,0.1626,
single_source,MDA-MB-231,HAP1,1.0,9,0.1644,
single_source,MDA-MB-231,HAP1,1.0,10,0.1695,
single_source,MDA-MB-231,HAP1,1.0,11,0.1626,
single_source,MDA-MB-231,HAP1,1.0,12,0.1675,
single_source,MDA-MB-231,HAP1,1.0,13,0.1714,
single_source,MDA-MB-231,HAP1,1.0,14,0.1623,
single_source,MDA-MB-231,HAP1,1.0,15,0.1694,
single_source,MDA-MB-231,HAP1,1.0,16,0.172,
single_source,MDA-MB-231,HAP1,1.0,17,0.1715,
single_source,MDA-MB-231,HAP1,1.0,18,0.1689,
single_source,MDA-MB-231,HAP1,1.0,19,0.1665,
single_source,MDA-MB-231,K562,1.0,0,0.1416,
single_source,MDA-MB-231,K562,1.0,1,0.1415,
single_source,MDA-MB-231,K562,1.0,2,0.1454,
single_source,MDA-MB-231,K562,1.0,3,0.1452,
single_source,MDA-MB-231,K562,1.0,4,0.142,
single_source,MDA-MB-231,K562,1.0,5,0.1428,
single_source,MDA-MB-231,K562,1.0,6,0.1428,
single_source,MDA-MB-231,K562,1.0,7,0.1472,
single_source,MDA-MB-231,K562,1.0,8,0.1415,
single_source,MDA-MB-231,K562,1.0,9,0.1438,
single_source,MDA-MB-231,K562,1.0,10,0.1447,
single_source,MDA-MB-231,K562,1.0,11,0.1448,
single_source,MDA-MB-231,K562,1.0,12,0.1466,
single_source,MDA-MB-231,K562,1.0,13,0.1463,
single_source,MDA-MB-231,K562,1.0,14,0.1407,
single_source,MDA-MB-231,K562,1.0,15,0.1386,
single_source,MDA-MB-231,K562,1.0,16,0.1389,
single_source,MDA-MB-231,K562,1.0,17,0.1423,
single_source,MDA-MB-231,K562,1.0,18,0.1454,
single_source,MDA-MB-231,K562,1.0,19,0.1457,
loco_weight,K562+MDA-MB-231,HAP1,equal,0,0.1792,0.7303
loco_weight,K562+MDA-MB-231,HAP1,equal,1,0.181,0.7305
loco_weight,K562+MDA-MB-231,HAP1,equal,2,0.1813,0.7222
loco_weight,K562+MDA-MB-231,HAP1,equal,3,0.187,0.7285
loco_weight,K562+MDA-MB-231,HAP1,equal,4,0.1776,0.7303
loco_weight,K562+MDA-MB-231,HAP1,equal,5,0.1738,0.7239
loco_weight,K562+MDA-MB-231,HAP1,equal,6,0.1817,0.7251
loco_weight,K562+MDA-MB-231,HAP1,equal,7,0.1783,0.7277
loco_weight,K562+MDA-MB-231,HAP1,equal,8,0.1747,0.7257
loco_weight,K562+MDA-MB-231,HAP1,equal,9,0.1817,0.7229
loco_weight,K562+MDA-MB-231,HAP1,equal,10,0.1754,0.7254
loco_weight,K562+MDA-MB-231,HAP1,equal,11,0.1794,0.7256
loco_weight,K562+MDA-MB-231,HAP1,equal,12,0.1783,0.7294
loco_weight,K562+MDA-MB-231,HAP1,equal,13,0.1782,0.7262
loco_weight,K562+MDA-MB-231,HAP1,equal,14,0.1842,0.734
loco_weight,K562+MDA-MB-231,HAP1,equal,15,0.1786,0.7308
loco_weight,K562+MDA-MB-231,HAP1,equal,16,0.1829,0.7258
loco_weight,K562+MDA-MB-231,HAP1,equal,17,0.1812,0.7254
loco_weight,K562+MDA-MB-231,HAP1,equal,18,0.1798,0.7299
loco_weight,K562+MDA-MB-231,HAP1,equal,19,0.1755,0.7247
loco_weight,K562+MDA-MB-231,HAP1,upweight MDA-MB-231 x2,0,0.1839,0.7316
loco_weight,K562+MDA-MB-231,HAP1,upweight MDA-MB-231 x2,1,0.1835,0.7285
loco_weight,K562+MDA-MB-231,HAP1,upweight MDA-MB-231 x2,2,0.1857,0.727
loco_weight,K562+MDA-MB-231,HAP1,upweight MDA-MB-231 x2,3,0.1871,0.7308
loco_weight,K562+MDA-MB-231,HAP1,upweight MDA-MB-231 x2,4,0.1801,0.7284
loco_weight,K562+MDA-MB-231,HAP1,upweight MDA-MB-231 x2,5,0.1836,0.7294
loco_weight,K562+MDA-MB-231,HAP1,upweight MDA-MB-231 x2,6,0.1829,0.7287
loco_weight,K562+MDA-MB-231,HAP1,upweight MDA-MB-231 x2,7,0.179,0.7305
loco_weight,K562+MDA-MB-231,HAP1,upweight MDA-MB-231 x2,8,0.181,0.723
loco_weight,K562+MDA-MB-231,HAP1,upweight MDA-MB-231 x2,9,0.1825,0.7288
loco_weight,K562+MDA-MB-231,HAP1,upweight MDA-MB-231 x2,10,0.1841,0.725
loco_weight,K562+MDA-MB-231,HAP1,upweight MDA-MB-231 x2,11,0.1884,0.7281
loco_weight,K562+MDA-MB-231,HAP1,upweight MDA-MB-231 x2,12,0.1863,0.7292
loco_weight,K562+MDA-MB-231,HAP1,upweight MDA-MB-231 x2,13,0.1842,0.7298
loco_weight,K562+MDA-MB-231,HAP1,upweight MDA-MB-231 x2,14,0.1825,0.7354
loco_weight,K562+MDA-MB-231,HAP1,upweight MDA-MB-231 x2,15,0.187,0.7318
loco_weight,K562+MDA-MB-231,HAP1,upweight MDA-MB-231 x2,16,0.1891,0.7287
loco_weight,K562+MDA-MB-231,HAP1,upweight MDA-MB-231 x2,17,0.1886,0.7261
loco_weight,K562+MDA-MB-231,HAP1,upweight MDA-MB-231 x2,18,0.1866,0.7321
loco_weight,K562+MDA-MB-231,HAP1,upweight MDA-MB-231 x2,19,0.1824,0.7289
loco_weight,K562+MDA-MB-231,HAP1,control posrate x2,0,0.1835,0.7346
loco_weight,K562+MDA-MB-231,HAP1,control posrate x2,1,0.1802,0.7307
loco_weight,K562+MDA-MB-231,HAP1,control posrate x2,2,0.1806,0.7218
loco_weight,K562+MDA-MB-231,HAP1,control posrate x2,3,0.1866,0.7308
loco_weight,K562+MDA-MB-231,HAP1,control posrate x2,4,0.1829,0.7286
loco_weight,K562+MDA-MB-231,HAP1,control posrate x2,5,0.176,0.7277
loco_weight,K562+MDA-MB-231,HAP1,control posrate x2,6,0.1764,0.7223
loco_weight,K562+MDA-MB-231,HAP1,control posrate x2,7,0.1839,0.731
loco_weight,K562+MDA-MB-231,HAP1,control posrate x2,8,0.1782,0.7282
loco_weight,K562+MDA-MB-231,HAP1,control posrate x2,9,0.1852,0.7238
loco_weight,K562+MDA-MB-231,HAP1,control posrate x2,10,0.1797,0.7284
loco_weight,K562+MDA-MB-231,HAP1,control posrate x2,11,0.1858,0.7295
loco_weight,K562+MDA-MB-231,HAP1,control posrate x2,12,0.1822,0.7286
loco_weight,K562+MDA-MB-231,HAP1,control posrate x2,13,0.1781,0.7279
loco_weight,K562+MDA-MB-231,HAP1,control posrate x2,14,0.1797,0.7353
loco_weight,K562+MDA-MB-231,HAP1,control posrate x2,15,0.1781,0.7318
loco_weight,K562+MDA-MB-231,HAP1,control posrate x2,16,0.1823,0.7297
loco_weight,K562+MDA-MB-231,HAP1,control posrate x2,17,0.1827,0.7268
loco_weight,K562+MDA-MB-231,HAP1,control posrate x2,18,0.1854,0.7351
loco_weight,K562+MDA-MB-231,HAP1,control posrate x2,19,0.1774,0.7313
loco_weight,K562+MDA-MB-231,HAP1,upweight MDA-MB-231 x3,0,0.1827,0.7263
loco_weight,K562+MDA-MB-231,HAP1,upweight MDA-MB-231 x3,1,0.1826,0.7294
loco_weight,K562+MDA-MB-231,HAP1,upweight MDA-MB-231 x3,2,0.1852,0.7224
loco_weight,K562+MDA-MB-231,HAP1,upweight MDA-MB-231 x3,3,0.1871,0.7308
loco_weight,K562+MDA-MB-231,HAP1,upweight MDA-MB-231 x3,4,0.1827,0.7272
loco_weight,K562+MDA-MB-231,HAP1,upweight MDA-MB-231 x3,5,0.1894,0.7275
loco_weight,K562+MDA-MB-231,HAP1,upweight MDA-MB-231 x3,6,0.1794,0.7263
loco_weight,K562+MDA-MB-231,HAP1,upweight MDA-MB-231 x3,7,0.1845,0.7361
loco_weight,K562+MDA-MB-231,HAP1,upweight MDA-MB-231 x3,8,0.1825,0.7236
loco_weight,K562+MDA-MB-231,HAP1,upweight MDA-MB-231 x3,9,0.1875,0.7283
loco_weight,K562+MDA-MB-231,HAP1,upweight MDA-MB-231 x3,10,0.1861,0.724
loco_weight,K562+MDA-MB-231,HAP1,upweight MDA-MB-231 x3,11,0.1789,0.7217
loco_weight,K562+MDA-MB-231,HAP1,upweight MDA-MB-231 x3,12,0.1845,0.7277
loco_weight,K562+MDA-MB-231,HAP1,upweight MDA-MB-231 x3,13,0.1842,0.7266
loco_weight,K562+MDA-MB-231,HAP1,upweight MDA-MB-231 x3,14,0.1852,0.7341
loco_weight,K562+MDA-MB-231,HAP1,upweight MDA-MB-231 x3,15,0.1885,0.731
loco_weight,K562+MDA-MB-231,HAP1,upweight MDA-MB-231 x3,16,0.1836,0.725
loco_weight,K562+MDA-MB-231,HAP1,upweight MDA-MB-231 x3,17,0.1887,0.7263
loco_weight,K562+MDA-MB-231,HAP1,upweight MDA-MB-231 x3,18,0.1864,0.7297
loco_weight,K562+MDA-MB-231,HAP1,upweight MDA-MB-231 x3,19,0.1817,0.7266
loco_weight,K562+MDA-MB-231,HAP1,control posrate x3,0,0.18,0.732
loco_weight,K562+MDA-MB-231,HAP1,control posrate x3,1,0.1782,0.7305
loco_weight,K562+MDA-MB-231,HAP1,control posrate x3,2,0.1812,0.723
loco_weight,K562+MDA-MB-231,HAP1,control posrate x3,3,0.1834,0.7302
loco_weight,K562+MDA-MB-231,HAP1,control posrate x3,4,0.1804,0.7261
loco_weight,K562+MDA-MB-231,HAP1,control posrate x3,5,0.1742,0.7233
loco_weight,K562+MDA-MB-231,HAP1,control posrate x3,6,0.1819,0.7226
loco_weight,K562+MDA-MB-231,HAP1,control posrate x3,7,0.1853,0.7291
loco_weight,K562+MDA-MB-231,HAP1,control posrate x3,8,0.1779,0.7244
loco_weight,K562+MDA-MB-231,HAP1,control posrate x3,9,0.182,0.7236
loco_weight,K562+MDA-MB-231,HAP1,control posrate x3,10,0.1757,0.7202
loco_weight,K562+MDA-MB-231,HAP1,control posrate x3,11,0.1831,0.7285
loco_weight,K562+MDA-MB-231,HAP1,control posrate x3,12,0.1812,0.7275
loco_weight,K562+MDA-MB-231,HAP1,control posrate x3,13,0.1772,0.727
loco_weight,K562+MDA-MB-231,HAP1,control posrate x3,14,0.1789,0.7317
loco_weight,K562+MDA-MB-231,HAP1,control posrate x3,15,0.1786,0.7308
loco_weight,K562+MDA-MB-231,HAP1,control posrate x3,16,0.1839,0.7292
loco_weight,K562+MDA-MB-231,HAP1,control posrate x3,17,0.1854,0.7279
loco_weight,K562+MDA-MB-231,HAP1,control posrate x3,18,0.1829,0.7335
loco_weight,K562+MDA-MB-231,HAP1,control posrate x3,19,0.1761,0.7299
loco_weight,K562+MDA-MB-231,HAP1,upweight MDA-MB-231 x5,0,0.1761,0.7215
loco_weight,K562+MDA-MB-231,HAP1,upweight MDA-MB-231 x5,1,0.178,0.7268
loco_weight,K562+MDA-MB-231,HAP1,upweight MDA-MB-231 x5,2,0.179,0.7216
loco_weight,K562+MDA-MB-231,HAP1,upweight MDA-MB-231 x5,3,0.1776,0.728
loco_weight,K562+MDA-MB-231,HAP1,upweight MDA-MB-231 x5,4,0.1717,0.7232
loco_weight,K562+MDA-MB-231,HAP1,upweight MDA-MB-231 x5,5,0.1733,0.7206
loco_weight,K562+MDA-MB-231,HAP1,upweight MDA-MB-231 x5,6,0.1829,0.7278
loco_weight,K562+MDA-MB-231,HAP1,upweight MDA-MB-231 x5,7,0.1789,0.7277
loco_weight,K562+MDA-MB-231,HAP1,upweight MDA-MB-231 x5,8,0.1781,0.7212
loco_weight,K562+MDA-MB-231,HAP1,upweight MDA-MB-231 x5,9,0.1832,0.7249
loco_weight,K562+MDA-MB-231,HAP1,upweight MDA-MB-231 x5,10,0.1781,0.725
loco_weight,K562+MDA-MB-231,HAP1,upweight MDA-MB-231 x5,11,0.1753,0.7247
loco_weight,K562+MDA-MB-231,HAP1,upweight MDA-MB-231 x5,12,0.1763,0.7186
loco_weight,K562+MDA-MB-231,HAP1,upweight MDA-MB-231 x5,13,0.1818,0.7201
loco_weight,K562+MDA-MB-231,HAP1,upweight MDA-MB-231 x5,14,0.1758,0.7279
loco_weight,K562+MDA-MB-231,HAP1,upweight MDA-MB-231 x5,15,0.1854,0.7239
loco_weight,K562+MDA-MB-231,HAP1,upweight MDA-MB-231 x5,16,0.1781,0.7232
loco_weight,K562+MDA-MB-231,HAP1,upweight MDA-MB-231 x5,17,0.1805,0.7253
loco_weight,K562+MDA-MB-231,HAP1,upweight MDA-MB-231 x5,18,0.1777,0.7291
loco_weight,K562+MDA-MB-231,HAP1,upweight MDA-MB-231 x5,19,0.1822,0.7276
loco_weight,K562+MDA-MB-231,HAP1,control posrate x5,0,0.1756,0.7317
loco_weight,K562+MDA-MB-231,HAP1,control posrate x5,1,0.1785,0.7371
loco_weight,K562+MDA-MB-231,HAP1,control posrate x5,2,0.1795,0.7218
loco_weight,K562+MDA-MB-231,HAP1,control posrate x5,3,0.1813,0.7297
loco_weight,K562+MDA-MB-231,HAP1,control posrate x5,4,0.178,0.7285
loco_weight,K562+MDA-MB-231,HAP1,control posrate x5,5,0.1746,0.7274
loco_weight,K562+MDA-MB-231,HAP1,control posrate x5,6,0.1751,0.7236
loco_weight,K562+MDA-MB-231,HAP1,control posrate x5,7,0.1809,0.7308
loco_weight,K562+MDA-MB-231,HAP1,control posrate x5,8,0.1761,0.7278
loco_weight,K562+MDA-MB-231,HAP1,control posrate x5,9,0.1775,0.7241
loco_weight,K562+MDA-MB-231,HAP1,control posrate x5,10,0.18,0.727
loco_weight,K562+MDA-MB-231,HAP1,control posrate x5,11,0.177,0.7242
loco_weight,K562+MDA-MB-231,HAP1,control posrate x5,12,0.175,0.7257
loco_weight,K562+MDA-MB-231,HAP1,control posrate x5,13,0.1741,0.7266
loco_weight,K562+MDA-MB-231,HAP1,control posrate x5,14,0.1781,0.7356
loco_weight,K562+MDA-MB-231,HAP1,control posrate x5,15,0.1726,0.7303
loco_weight,K562+MDA-MB-231,HAP1,control posrate x5,16,0.1807,0.7318
loco_weight,K562+MDA-MB-231,HAP1,control posrate x5,17,0.1819,0.729
loco_weight,K562+MDA-MB-231,HAP1,control posrate x5,18,0.1791,0.7353
loco_weight,K562+MDA-MB-231,HAP1,control posrate x5,19,0.172,0.7276
loco_weight,HAP1+MDA-MB-231,K562,equal,0,0.1601,0.6931
loco_weight,HAP1+MDA-MB-231,K562,equal,1,0.1627,0.6919
loco_weight,HAP1+MDA-MB-231,K562,equal,2,0.1611,0.6945
loco_weight,HAP1+MDA-MB-231,K562,equal,3,0.1626,0.6931
loco_weight,HAP1+MDA-MB-231,K562,equal,4,0.1642,0.6973
loco_weight,HAP1+MDA-MB-231,K562,equal,5,0.1666,0.6959
loco_weight,HAP1+MDA-MB-231,K562,equal,6,0.1634,0.6962
loco_weight,HAP1+MDA-MB-231,K562,equal,7,0.1657,0.6924
loco_weight,HAP1+MDA-MB-231,K562,equal,8,0.1622,0.6917
loco_weight,HAP1+MDA-MB-231,K562,equal,9,0.1649,0.6961
loco_weight,HAP1+MDA-MB-231,K562,equal,10,0.1598,0.694
loco_weight,HAP1+MDA-MB-231,K562,equal,11,0.1657,0.6969
loco_weight,HAP1+MDA-MB-231,K562,equal,12,0.1625,0.6971
loco_weight,HAP1+MDA-MB-231,K562,equal,13,0.1635,0.6938
loco_weight,HAP1+MDA-MB-231,K562,equal,14,0.1614,0.6954
loco_weight,HAP1+MDA-MB-231,K562,equal,15,0.1641,0.6963
loco_weight,HAP1+MDA-MB-231,K562,equal,16,0.1621,0.6929
loco_weight,HAP1+MDA-MB-231,K562,equal,17,0.1603,0.6938
loco_weight,HAP1+MDA-MB-231,K562,equal,18,0.1591,0.6907
loco_weight,HAP1+MDA-MB-231,K562,equal,19,0.158,0.6911
loco_weight,HAP1+MDA-MB-231,K562,upweight MDA-MB-231 x2,0,0.1557,0.6891
loco_weight,HAP1+MDA-MB-231,K562,upweight MDA-MB-231 x2,1,0.1599,0.6943
loco_weight,HAP1+MDA-MB-231,K562,upweight MDA-MB-231 x2,2,0.1601,0.6949
loco_weight,HAP1+MDA-MB-231,K562,upweight MDA-MB-231 x2,3,0.1635,0.6981
loco_weight,HAP1+MDA-MB-231,K562,upweight MDA-MB-231 x2,4,0.162,0.6965
loco_weight,HAP1+MDA-MB-231,K562,upweight MDA-MB-231 x2,5,0.1603,0.6949
loco_weight,HAP1+MDA-MB-231,K562,upweight MDA-MB-231 x2,6,0.1593,0.692
loco_weight,HAP1+MDA-MB-231,K562,upweight MDA-MB-231 x2,7,0.1612,0.6951
loco_weight,HAP1+MDA-MB-231,K562,upweight MDA-MB-231 x2,8,0.1609,0.6941
loco_weight,HAP1+MDA-MB-231,K562,upweight MDA-MB-231 x2,9,0.1613,0.6974
loco_weight,HAP1+MDA-MB-231,K562,upweight MDA-MB-231 x2,10,0.1592,0.6947
loco_weight,HAP1+MDA-MB-231,K562,upweight MDA-MB-231 x2,11,0.1651,0.6986
loco_weight,HAP1+MDA-MB-231,K562,upweight MDA-MB-231 x2,12,0.1626,0.6953
loco_weight,HAP1+MDA-MB-231,K562,upweight MDA-MB-231 x2,13,0.1626,0.6993
loco_weight,HAP1+MDA-MB-231,K562,upweight MDA-MB-231 x2,14,0.1587,0.6941
loco_weight,HAP1+MDA-MB-231,K562,upweight MDA-MB-231 x2,15,0.1622,0.6947
loco_weight,HAP1+MDA-MB-231,K562,upweight MDA-MB-231 x2,16,0.1563,0.6916
loco_weight,HAP1+MDA-MB-231,K562,upweight MDA-MB-231 x2,17,0.1598,0.6928
loco_weight,HAP1+MDA-MB-231,K562,upweight MDA-MB-231 x2,18,0.1555,0.6938
loco_weight,HAP1+MDA-MB-231,K562,upweight MDA-MB-231 x2,19,0.1588,0.6941
loco_weight,HAP1+MDA-MB-231,K562,control posrate x2,0,0.1609,0.6908
loco_weight,HAP1+MDA-MB-231,K562,control posrate x2,1,0.1627,0.6915
loco_weight,HAP1+MDA-MB-231,K562,control posrate x2,2,0.1619,0.694
loco_weight,HAP1+MDA-MB-231,K562,control posrate x2,3,0.1615,0.6934
loco_weight,HAP1+MDA-MB-231,K562,control posrate x2,4,0.1693,0.6995
loco_weight,HAP1+MDA-MB-231,K562,control posrate x2,5,0.1665,0.6927
loco_weight,HAP1+MDA-MB-231,K562,control posrate x2,6,0.1652,0.6975
loco_weight,HAP1+MDA-MB-231,K562,control posrate x2,7,0.1649,0.6945
loco_weight,HAP1+MDA-MB-231,K562,control posrate x2,8,0.1636,0.692
loco_weight,HAP1+MDA-MB-231,K562,control posrate x2,9,0.1631,0.6959
loco_weight,HAP1+MDA-MB-231,K562,control posrate x2,10,0.161,0.6944
loco_weight,HAP1+MDA-MB-231,K562,control posrate x2,11,0.1627,0.6937
loco_weight,HAP1+MDA-MB-231,K562,control posrate x2,12,0.1633,0.6971
loco_weight,HAP1+MDA-MB-231,K562,control posrate x2,13,0.1653,0.6948
loco_weight,HAP1+MDA-MB-231,K562,control posrate x2,14,0.1589,0.6911
loco_weight,HAP1+MDA-MB-231,K562,control posrate x2,15,0.1637,0.6938
loco_weight,HAP1+MDA-MB-231,K562,control posrate x2,16,0.1627,0.6932
loco_weight,HAP1+MDA-MB-231,K562,control posrate x2,17,0.1606,0.6924
loco_weight,HAP1+MDA-MB-231,K562,control posrate x2,18,0.1585,0.69
loco_weight,HAP1+MDA-MB-231,K562,control posrate x2,19,0.158,0.692
loco_weight,HAP1+MDA-MB-231,K562,upweight MDA-MB-231 x3,0,0.1535,0.6903
loco_weight,HAP1+MDA-MB-231,K562,upweight MDA-MB-231 x3,1,0.1571,0.6927
loco_weight,HAP1+MDA-MB-231,K562,upweight MDA-MB-231 x3,2,0.1558,0.689
loco_weight,HAP1+MDA-MB-231,K562,upweight MDA-MB-231 x3,3,0.1593,0.695
loco_weight,HAP1+MDA-MB-231,K562,upweight MDA-MB-231 x3,4,0.1592,0.6926
loco_weight,HAP1+MDA-MB-231,K562,upweight MDA-MB-231 x3,5,0.1573,0.6934
loco_weight,HAP1+MDA-MB-231,K562,upweight MDA-MB-231 x3,6,0.1587,0.6905
loco_weight,HAP1+MDA-MB-231,K562,upweight MDA-MB-231 x3,7,0.1551,0.6905
loco_weight,HAP1+MDA-MB-231,K562,upweight MDA-MB-231 x3,8,0.1583,0.6938
loco_weight,HAP1+MDA-MB-231,K562,upweight MDA-MB-231 x3,9,0.1602,0.6969
loco_weight,HAP1+MDA-MB-231,K562,upweight MDA-MB-231 x3,10,0.156,0.6887
loco_weight,HAP1+MDA-MB-231,K562,upweight MDA-MB-231 x3,11,0.1609,0.6965
loco_weight,HAP1+MDA-MB-231,K562,upweight MDA-MB-231 x3,12,0.1581,0.6935
loco_weight,HAP1+MDA-MB-231,K562,upweight MDA-MB-231 x3,13,0.1578,0.6925
loco_weight,HAP1+MDA-MB-231,K562,upweight MDA-MB-231 x3,14,0.1528,0.69
loco_weight,HAP1+MDA-MB-231,K562,upweight MDA-MB-231 x3,15,0.1577,0.6928
loco_weight,HAP1+MDA-MB-231,K562,upweight MDA-MB-231 x3,16,0.1578,0.6947
loco_weight,HAP1+MDA-MB-231,K562,upweight MDA-MB-231 x3,17,0.1567,0.6946
loco_weight,HAP1+MDA-MB-231,K562,upweight MDA-MB-231 x3,18,0.1566,0.6921
loco_weight,HAP1+MDA-MB-231,K562,upweight MDA-MB-231 x3,19,0.1559,0.6932
loco_weight,HAP1+MDA-MB-231,K562,control posrate x3,0,0.1613,0.6928
loco_weight,HAP1+MDA-MB-231,K562,control posrate x3,1,0.1613,0.6915
loco_weight,HAP1+MDA-MB-231,K562,control posrate x3,2,0.1612,0.6946
loco_weight,HAP1+MDA-MB-231,K562,control posrate x3,3,0.1607,0.6925
loco_weight,HAP1+MDA-MB-231,K562,control posrate x3,4,0.1674,0.6968
loco_weight,HAP1+MDA-MB-231,K562,control posrate x3,5,0.1654,0.6967
loco_weight,HAP1+MDA-MB-231,K562,control posrate x3,6,0.1648,0.6954
loco_weight,HAP1+MDA-MB-231,K562,control posrate x3,7,0.1653,0.6962
loco_weight,HAP1+MDA-MB-231,K562,control posrate x3,8,0.1638,0.6923
loco_weight,HAP1+MDA-MB-231,K562,control posrate x3,9,0.165,0.6969
loco_weight,HAP1+MDA-MB-231,K562,control posrate x3,10,0.1617,0.6935
loco_weight,HAP1+MDA-MB-231,K562,control posrate x3,11,0.1644,0.6961
loco_weight,HAP1+MDA-MB-231,K562,control posrate x3,12,0.1609,0.6958
loco_weight,HAP1+MDA-MB-231,K562,control posrate x3,13,0.1634,0.6961
loco_weight,HAP1+MDA-MB-231,K562,control posrate x3,14,0.1615,0.694
loco_weight,HAP1+MDA-MB-231,K562,control posrate x3,15,0.1602,0.6942
loco_weight,HAP1+MDA-MB-231,K562,control posrate x3,16,0.1605,0.6913
loco_weight,HAP1+MDA-MB-231,K562,control posrate x3,17,0.1594,0.6934
loco_weight,HAP1+MDA-MB-231,K562,control posrate x3,18,0.1592,0.6885
loco_weight,HAP1+MDA-MB-231,K562,control posrate x3,19,0.1598,0.6914
loco_weight,HAP1+MDA-MB-231,K562,upweight MDA-MB-231 x5,0,0.1526,0.6874
loco_weight,HAP1+MDA-MB-231,K562,upweight MDA-MB-231 x5,1,0.1539,0.6885
loco_weight,HAP1+MDA-MB-231,K562,upweight MDA-MB-231 x5,2,0.1549,0.6878
loco_weight,HAP1+MDA-MB-231,K562,upweight MDA-MB-231 x5,3,0.1559,0.693
loco_weight,HAP1+MDA-MB-231,K562,upweight MDA-MB-231 x5,4,0.1552,0.6909
loco_weight,HAP1+MDA-MB-231,K562,upweight MDA-MB-231 x5,5,0.1575,0.6925
loco_weight,HAP1+MDA-MB-231,K562,upweight MDA-MB-231 x5,6,0.1562,0.6878
loco_weight,HAP1+MDA-MB-231,K562,upweight MDA-MB-231 x5,7,0.1522,0.6871
loco_weight,HAP1+MDA-MB-231,K562,upweight MDA-MB-231 x5,8,0.155,0.69
loco_weight,HAP1+MDA-MB-231,K562,upweight MDA-MB-231 x5,9,0.1581,0.6945
loco_weight,HAP1+MDA-MB-231,K562,upweight MDA-MB-231 x5,10,0.1532,0.6841
loco_weight,HAP1+MDA-MB-231,K562,upweight MDA-MB-231 x5,11,0.1564,0.6905
loco_weight,HAP1+MDA-MB-231,K562,upweight MDA-MB-231 x5,12,0.1543,0.6867
loco_weight,HAP1+MDA-MB-231,K562,upweight MDA-MB-231 x5,13,0.1553,0.6909
loco_weight,HAP1+MDA-MB-231,K562,upweight MDA-MB-231 x5,14,0.1513,0.6864
loco_weight,HAP1+MDA-MB-231,K562,upweight MDA-MB-231 x5,15,0.1527,0.6859
loco_weight,HAP1+MDA-MB-231,K562,upweight MDA-MB-231 x5,16,0.1499,0.6855
loco_weight,HAP1+MDA-MB-231,K562,upweight MDA-MB-231 x5,17,0.1555,0.6897
loco_weight,HAP1+MDA-MB-231,K562,upweight MDA-MB-231 x5,18,0.1539,0.6899
loco_weight,HAP1+MDA-MB-231,K562,upweight MDA-MB-231 x5,19,0.154,0.689
loco_weight,HAP1+MDA-MB-231,K562,control posrate x5,0,0.1621,0.691
loco_weight,HAP1+MDA-MB-231,K562,control posrate x5,1,0.1637,0.6916
loco_weight,HAP1+MDA-MB-231,K562,control posrate x5,2,0.161,0.6943
loco_weight,HAP1+MDA-MB-231,K562,control posrate x5,3,0.1611,0.691
loco_weight,HAP1+MDA-MB-231,K562,control posrate x5,4,0.1655,0.6944
loco_weight,HAP1+MDA-MB-231,K562,control posrate x5,5,0.1659,0.695
loco_weight,HAP1+MDA-MB-231,K562,control posrate x5,6,0.1643,0.6929
loco_weight,HAP1+MDA-MB-231,K562,control posrate x5,7,0.1643,0.6925
loco_weight,HAP1+MDA-MB-231,K562,control posrate x5,8,0.1639,0.6925
loco_weight,HAP1+MDA-MB-231,K562,control posrate x5,9,0.1639,0.6955
loco_weight,HAP1+MDA-MB-231,K562,control posrate x5,10,0.1619,0.6946
loco_weight,HAP1+MDA-MB-231,K562,control posrate x5,11,0.1639,0.6973
loco_weight,HAP1+MDA-MB-231,K562,control posrate x5,12,0.1611,0.6934
loco_weight,HAP1+MDA-MB-231,K562,control posrate x5,13,0.1651,0.6951
loco_weight,HAP1+MDA-MB-231,K562,control posrate x5,14,0.1595,0.69
loco_weight,HAP1+MDA-MB-231,K562,control posrate x5,15,0.1627,0.696
loco_weight,HAP1+MDA-MB-231,K562,control posrate x5,16,0.1609,0.6915
loco_weight,HAP1+MDA-MB-231,K562,control posrate x5,17,0.1596,0.6925
loco_weight,HAP1+MDA-MB-231,K562,control posrate x5,18,0.1597,0.6884
loco_weight,HAP1+MDA-MB-231,K562,control posrate x5,19,0.1577,0.6869
loco_weight,HAP1+K562,MDA-MB-231,equal,0,0.1776,0.7424
loco_weight,HAP1+K562,MDA-MB-231,equal,1,0.1717,0.7366
loco_weight,HAP1+K562,MDA-MB-231,equal,2,0.172,0.7392
loco_weight,HAP1+K562,MDA-MB-231,equal,3,0.1715,0.7335
loco_weight,HAP1+K562,MDA-MB-231,equal,4,0.1826,0.7442
loco_weight,HAP1+K562,MDA-MB-231,equal,5,0.1706,0.7312
loco_weight,HAP1+K562,MDA-MB-231,equal,6,0.177,0.7344
loco_weight,HAP1+K562,MDA-MB-231,equal,7,0.1794,0.74
loco_weight,HAP1+K562,MDA-MB-231,equal,8,0.173,0.7391
loco_weight,HAP1+K562,MDA-MB-231,equal,9,0.1778,0.7378
loco_weight,HAP1+K562,MDA-MB-231,equal,10,0.1725,0.7355
loco_weight,HAP1+K562,MDA-MB-231,equal,11,0.1778,0.74
loco_weight,HAP1+K562,MDA-MB-231,equal,12,0.1769,0.7359
loco_weight,HAP1+K562,MDA-MB-231,equal,13,0.1782,0.739
loco_weight,HAP1+K562,MDA-MB-231,equal,14,0.1781,0.7391
loco_weight,HAP1+K562,MDA-MB-231,equal,15,0.1733,0.7386
loco_weight,HAP1+K562,MDA-MB-231,equal,16,0.1738,0.7357
loco_weight,HAP1+K562,MDA-MB-231,equal,17,0.1792,0.7376
loco_weight,HAP1+K562,MDA-MB-231,equal,18,0.178,0.7371
loco_weight,HAP1+K562,MDA-MB-231,equal,19,0.1726,0.7391
loco_weight,HAP1+K562,MDA-MB-231,upweight MDA-MB-231 x2,0,0.1776,0.7424
loco_weight,HAP1+K562,MDA-MB-231,upweight MDA-MB-231 x2,1,0.1717,0.7366
loco_weight,HAP1+K562,MDA-MB-231,upweight MDA-MB-231 x2,2,0.172,0.7392
loco_weight,HAP1+K562,MDA-MB-231,upweight MDA-MB-231 x2,3,0.1715,0.7335
loco_weight,HAP1+K562,MDA-MB-231,upweight MDA-MB-231 x2,4,0.1826,0.7442
loco_weight,HAP1+K562,MDA-MB-231,upweight MDA-MB-231 x2,5,0.1706,0.7312
loco_weight,HAP1+K562,MDA-MB-231,upweight MDA-MB-231 x2,6,0.177,0.7344
loco_weight,HAP1+K562,MDA-MB-231,upweight MDA-MB-231 x2,7,0.1794,0.74
loco_weight,HAP1+K562,MDA-MB-231,upweight MDA-MB-231 x2,8,0.173,0.7391
loco_weight,HAP1+K562,MDA-MB-231,upweight MDA-MB-231 x2,9,0.1778,0.7378
loco_weight,HAP1+K562,MDA-MB-231,upweight MDA-MB-231 x2,10,0.1725,0.7355
loco_weight,HAP1+K562,MDA-MB-231,upweight MDA-MB-231 x2,11,0.1778,0.74
loco_weight,HAP1+K562,MDA-MB-231,upweight MDA-MB-231 x2,12,0.1769,0.7359
loco_weight,HAP1+K562,MDA-MB-231,upweight MDA-MB-231 x2,13,0.1782,0.739
loco_weight,HAP1+K562,MDA-MB-231,upweight MDA-MB-231 x2,14,0.1781,0.7391
loco_weight,HAP1+K562,MDA-MB-231,upweight MDA-MB-231 x2,15,0.1733,0.7386
loco_weight,HAP1+K562,MDA-MB-231,upweight MDA-MB-231 x2,16,0.1738,0.7357
loco_weight,HAP1+K562,MDA-MB-231,upweight MDA-MB-231 x2,17,0.1792,0.7376
loco_weight,HAP1+K562,MDA-MB-231,upweight MDA-MB-231 x2,18,0.178,0.7371
loco_weight,HAP1+K562,MDA-MB-231,upweight MDA-MB-231 x2,19,0.1726,0.7391
loco_weight,HAP1+K562,MDA-MB-231,control posrate x2,0,0.1776,0.7424
loco_weight,HAP1+K562,MDA-MB-231,control posrate x2,1,0.1717,0.7366
loco_weight,HAP1+K562,MDA-MB-231,control posrate x2,2,0.172,0.7392
loco_weight,HAP1+K562,MDA-MB-231,control posrate x2,3,0.1715,0.7335
loco_weight,HAP1+K562,MDA-MB-231,control posrate x2,4,0.1826,0.7442
loco_weight,HAP1+K562,MDA-MB-231,control posrate x2,5,0.1706,0.7312
loco_weight,HAP1+K562,MDA-MB-231,control posrate x2,6,0.177,0.7344
loco_weight,HAP1+K562,MDA-MB-231,control posrate x2,7,0.1794,0.74
loco_weight,HAP1+K562,MDA-MB-231,control posrate x2,8,0.173,0.7391
loco_weight,HAP1+K562,MDA-MB-231,control posrate x2,9,0.1778,0.7378
loco_weight,HAP1+K562,MDA-MB-231,control posrate x2,10,0.1725,0.7355
loco_weight,HAP1+K562,MDA-MB-231,control posrate x2,11,0.1778,0.74
loco_weight,HAP1+K562,MDA-MB-231,control posrate x2,12,0.1769,0.7359
loco_weight,HAP1+K562,MDA-MB-231,control posrate x2,13,0.1782,0.739
loco_weight,HAP1+K562,MDA-MB-231,control posrate x2,14,0.1781,0.7391
loco_weight,HAP1+K562,MDA-MB-231,control posrate x2,15,0.1733,0.7386
loco_weight,HAP1+K562,MDA-MB-231,control posrate x2,16,0.1738,0.7357
loco_weight,HAP1+K562,MDA-MB-231,control posrate x2,17,0.1792,0.7376
loco_weight,HAP1+K562,MDA-MB-231,control posrate x2,18,0.178,0.7371
loco_weight,HAP1+K562,MDA-MB-231,control posrate x2,19,0.1726,0.7391
loco_weight,HAP1+K562,MDA-MB-231,upweight MDA-MB-231 x3,0,0.1776,0.7424
loco_weight,HAP1+K562,MDA-MB-231,upweight MDA-MB-231 x3,1,0.1717,0.7366
loco_weight,HAP1+K562,MDA-MB-231,upweight MDA-MB-231 x3,2,0.172,0.7392
loco_weight,HAP1+K562,MDA-MB-231,upweight MDA-MB-231 x3,3,0.1715,0.7335
loco_weight,HAP1+K562,MDA-MB-231,upweight MDA-MB-231 x3,4,0.1826,0.7442
loco_weight,HAP1+K562,MDA-MB-231,upweight MDA-MB-231 x3,5,0.1706,0.7312
loco_weight,HAP1+K562,MDA-MB-231,upweight MDA-MB-231 x3,6,0.177,0.7344
loco_weight,HAP1+K562,MDA-MB-231,upweight MDA-MB-231 x3,7,0.1794,0.74
loco_weight,HAP1+K562,MDA-MB-231,upweight MDA-MB-231 x3,8,0.173,0.7391
loco_weight,HAP1+K562,MDA-MB-231,upweight MDA-MB-231 x3,9,0.1778,0.7378
loco_weight,HAP1+K562,MDA-MB-231,upweight MDA-MB-231 x3,10,0.1725,0.7355
loco_weight,HAP1+K562,MDA-MB-231,upweight MDA-MB-231 x3,11,0.1778,0.74
loco_weight,HAP1+K562,MDA-MB-231,upweight MDA-MB-231 x3,12,0.1769,0.7359
loco_weight,HAP1+K562,MDA-MB-231,upweight MDA-MB-231 x3,13,0.1782,0.739
loco_weight,HAP1+K562,MDA-MB-231,upweight MDA-MB-231 x3,14,0.1781,0.7391
loco_weight,HAP1+K562,MDA-MB-231,upweight MDA-MB-231 x3,15,0.1733,0.7386
loco_weight,HAP1+K562,MDA-MB-231,upweight MDA-MB-231 x3,16,0.1738,0.7357
loco_weight,HAP1+K562,MDA-MB-231,upweight MDA-MB-231 x3,17,0.1792,0.7376
loco_weight,HAP1+K562,MDA-MB-231,upweight MDA-MB-231 x3,18,0.178,0.7371
loco_weight,HAP1+K562,MDA-MB-231,upweight MDA-MB-231 x3,19,0.1726,0.7391
loco_weight,HAP1+K562,MDA-MB-231,control posrate x3,0,0.1776,0.7424
loco_weight,HAP1+K562,MDA-MB-231,control posrate x3,1,0.1717,0.7366
loco_weight,HAP1+K562,MDA-MB-231,control posrate x3,2,0.172,0.7392
loco_weight,HAP1+K562,MDA-MB-231,control posrate x3,3,0.1715,0.7335
loco_weight,HAP1+K562,MDA-MB-231,control posrate x3,4,0.1826,0.7442
loco_weight,HAP1+K562,MDA-MB-231,control posrate x3,5,0.1706,0.7312
loco_weight,HAP1+K562,MDA-MB-231,control posrate x3,6,0.177,0.7344
loco_weight,HAP1+K562,MDA-MB-231,control posrate x3,7,0.1794,0.74
loco_weight,HAP1+K562,MDA-MB-231,control posrate x3,8,0.173,0.7391
loco_weight,HAP1+K562,MDA-MB-231,control posrate x3,9,0.1778,0.7378
loco_weight,HAP1+K562,MDA-MB-231,control posrate x3,10,0.1725,0.7355
loco_weight,HAP1+K562,MDA-MB-231,control posrate x3,11,0.1778,0.74
loco_weight,HAP1+K562,MDA-MB-231,control posrate x3,12,0.1769,0.7359
loco_weight,HAP1+K562,MDA-MB-231,control posrate x3,13,0.1782,0.739
loco_weight,HAP1+K562,MDA-MB-231,control posrate x3,14,0.1781,0.7391
loco_weight,HAP1+K562,MDA-MB-231,control posrate x3,15,0.1733,0.7386
loco_weight,HAP1+K562,MDA-MB-231,control posrate x3,16,0.1738,0.7357
loco_weight,HAP1+K562,MDA-MB-231,control posrate x3,17,0.1792,0.7376
loco_weight,HAP1+K562,MDA-MB-231,control posrate x3,18,0.178,0.7371
loco_weight,HAP1+K562,MDA-MB-231,control posrate x3,19,0.1726,0.7391
loco_weight,HAP1+K562,MDA-MB-231,upweight MDA-MB-231 x5,0,0.1776,0.7424
loco_weight,HAP1+K562,MDA-MB-231,upweight MDA-MB-231 x5,1,0.1717,0.7366
loco_weight,HAP1+K562,MDA-MB-231,upweight MDA-MB-231 x5,2,0.172,0.7392
loco_weight,HAP1+K562,MDA-MB-231,upweight MDA-MB-231 x5,3,0.1715,0.7335
loco_weight,HAP1+K562,MDA-MB-231,upweight MDA-MB-231 x5,4,0.1826,0.7442
loco_weight,HAP1+K562,MDA-MB-231,upweight MDA-MB-231 x5,5,0.1706,0.7312
loco_weight,HAP1+K562,MDA-MB-231,upweight MDA-MB-231 x5,6,0.177,0.7344
loco_weight,HAP1+K562,MDA-MB-231,upweight MDA-MB-231 x5,7,0.1794,0.74
loco_weight,HAP1+K562,MDA-MB-231,upweight MDA-MB-231 x5,8,0.173,0.7391
loco_weight,HAP1+K562,MDA-MB-231,upweight MDA-MB-231 x5,9,0.1778,0.7378
loco_weight,HAP1+K562,MDA-MB-231,upweight MDA-MB-231 x5,10,0.1725,0.7355
loco_weight,HAP1+K562,MDA-MB-231,upweight MDA-MB-231 x5,11,0.1778,0.74
loco_weight,HAP1+K562,MDA-MB-231,upweight MDA-MB-231 x5,12,0.1769,0.7359
loco_weight,HAP1+K562,MDA-MB-231,upweight MDA-MB-231 x5,13,0.1782,0.739
loco_weight,HAP1+K562,MDA-MB-231,upweight MDA-MB-231 x5,14,0.1781,0.7391
loco_weight,HAP1+K562,MDA-MB-231,upweight MDA-MB-231 x5,15,0.1733,0.7386
loco_weight,HAP1+K562,MDA-MB-231,upweight MDA-MB-231 x5,16,0.1738,0.7357
loco_weight,HAP1+K562,MDA-MB-231,upweight MDA-MB-231 x5,17,0.1792,0.7376
loco_weight,HAP1+K562,MDA-MB-231,upweight MDA-MB-231 x5,18,0.178,0.7371
loco_weight,HAP1+K562,MDA-MB-231,upweight MDA-MB-231 x5,19,0.1726,0.7391
loco_weight,HAP1+K562,MDA-MB-231,control posrate x5,0,0.1776,0.7424
loco_weight,HAP1+K562,MDA-MB-231,control posrate x5,1,0.1717,0.7366
loco_weight,HAP1+K562,MDA-MB-231,control posrate x5,2,0.172,0.7392
loco_weight,HAP1+K562,MDA-MB-231,control posrate x5,3,0.1715,0.7335
loco_weight,HAP1+K562,MDA-MB-231,control posrate x5,4,0.1826,0.7442
loco_weight,HAP1+K562,MDA-MB-231,control posrate x5,5,0.1706,0.7312
loco_weight,HAP1+K562,MDA-MB-231,control posrate x5,6,0.177,0.7344
loco_weight,HAP1+K562,MDA-MB-231,control posrate x5,7,0.1794,0.74
loco_weight,HAP1+K562,MDA-MB-231,control posrate x5,8,0.173,0.7391
loco_weight,HAP1+K562,MDA-MB-231,control posrate x5,9,0.1778,0.7378
loco_weight,HAP1+K562,MDA-MB-231,control posrate x5,10,0.1725,0.7355
loco_weight,HAP1+K562,MDA-MB-231,control posrate x5,11,0.1778,0.74
loco_weight,HAP1+K562,MDA-MB-231,control posrate x5,12,0.1769,0.7359
loco_weight,HAP1+K562,MDA-MB-231,control posrate x5,13,0.1782,0.739
loco_weight,HAP1+K562,MDA-MB-231,control posrate x5,14,0.1781,0.7391
loco_weight,HAP1+K562,MDA-MB-231,control posrate x5,15,0.1733,0.7386
loco_weight,HAP1+K562,MDA-MB-231,control posrate x5,16,0.1738,0.7357
loco_weight,HAP1+K562,MDA-MB-231,control posrate x5,17,0.1792,0.7376
loco_weight,HAP1+K562,MDA-MB-231,control posrate x5,18,0.178,0.7371
loco_weight,HAP1+K562,MDA-MB-231,control posrate x5,19,0.1726,0.7391
