holdout,baseline,seed,auprc,auroc,pos_rate
HAP1,random,0,0.0449,0.5089,0.0428
HAP1,tpm rank,0,0.1032,0.556,0.0428
HAP1,mrna rank,0,0.1116,0.5904,0.0428
HAP1,tpm (LR),0,0.0821,0.594,0.0428
HAP1,tpm + annotation (LR),0,0.0827,0.5782,0.0428
HAP1,random,1,0.0446,0.5056,0.0428
HAP1,tpm rank,1,0.1032,0.556,0.0428
HAP1,mrna rank,1,0.1116,0.5904,0.0428
HAP1,tpm (LR),1,0.0853,0.5923,0.0428
HAP1,tpm + annotation (LR),1,0.083,0.5856,0.0428
HAP1,random,2,0.0483,0.5183,0.0428
HAP1,tpm rank,2,0.1032,0.556,0.0428
HAP1,mrna rank,2,0.1116,0.5904,0.0428
HAP1,tpm (LR),2,0.0848,0.5941,0.0428
HAP1,tpm + annotation (LR),2,0.0842,0.5832,0.0428
HAP1,random,3,0.0432,0.495,0.0428
HAP1,tpm rank,3,0.1032,0.556,0.0428
HAP1,mrna rank,3,0.1116,0.5904,0.0428
HAP1,tpm (LR),3,0.0865,0.5923,0.0428
HAP1,tpm + annotation (LR),3,0.0858,0.5857,0.0428
HAP1,random,4,0.0432,0.5076,0.0428
HAP1,tpm rank,4,0.1032,0.556,0.0428
HAP1,mrna rank,4,0.1116,0.5904,0.0428
HAP1,tpm (LR),4,0.0826,0.5945,0.0428
HAP1,tpm + annotation (LR),4,0.089,0.5897,0.0428
K562,random,0,0.0759,0.5158,0.073
K562,tpm rank,0,0.0931,0.5218,0.073
K562,mrna rank,0,0.1135,0.5728,0.073
K562,tpm (LR),0,0.1103,0.5674,0.073
K562,tpm + annotation (LR),0,0.1139,0.5717,0.073
K562,random,1,0.0738,0.5069,0.073
K562,tpm rank,1,0.0931,0.5218,0.073
K562,mrna rank,1,0.1135,0.5728,0.073
K562,tpm (LR),1,0.1098,0.5662,0.073
K562,tpm + annotation (LR),1,0.1092,0.5785,0.073
K562,random,2,0.0737,0.4949,0.073
K562,tpm rank,2,0.0931,0.5218,0.073
K562,mrna rank,2,0.1135,0.5728,0.073
K562,tpm (LR),2,0.11,0.5673,0.073
K562,tpm + annotation (LR),2,0.1094,0.576,0.073
K562,random,3,0.0711,0.4938,0.073
K562,tpm rank,3,0.0931,0.5218,0.073
K562,mrna rank,3,0.1135,0.5728,0.073
K562,tpm (LR),3,0.1109,0.5677,0.073
K562,tpm + annotation (LR),3,0.1126,0.5764,0.073
K562,random,4,0.0714,0.4929,0.073
K562,tpm rank,4,0.0931,0.5218,0.073
K562,mrna rank,4,0.1135,0.5728,0.073
K562,tpm (LR),4,0.111,0.5599,0.073
K562,tpm + annotation (LR),4,0.1137,0.5792,0.073
MDA-MB-231,random,0,0.0309,0.4964,0.0286
MDA-MB-231,tpm rank,0,0.1271,0.6367,0.0286
MDA-MB-231,mrna rank,0,0.1198,0.652,0.0286
MDA-MB-231,tpm (LR),0,0.0715,0.6438,0.0286
MDA-MB-231,tpm + annotation (LR),0,0.0605,0.6249,0.0286
MDA-MB-231,random,1,0.0286,0.501,0.0286
MDA-MB-231,tpm rank,1,0.1271,0.6367,0.0286
MDA-MB-231,mrna rank,1,0.1198,0.652,0.0286
MDA-MB-231,tpm (LR),1,0.0736,0.637,0.0286
MDA-MB-231,tpm + annotation (LR),1,0.0651,0.6329,0.0286
MDA-MB-231,random,2,0.0314,0.4974,0.0286
MDA-MB-231,tpm rank,2,0.1271,0.6367,0.0286
MDA-MB-231,mrna rank,2,0.1198,0.652,0.0286
MDA-MB-231,tpm (LR),2,0.0714,0.6483,0.0286
MDA-MB-231,tpm + annotation (LR),2,0.0632,0.632,0.0286
MDA-MB-231,random,3,0.0299,0.5236,0.0286
MDA-MB-231,tpm rank,3,0.1271,0.6367,0.0286
MDA-MB-231,mrna rank,3,0.1198,0.652,0.0286
MDA-MB-231,tpm (LR),3,0.0723,0.6386,0.0286
MDA-MB-231,tpm + annotation (LR),3,0.0648,0.6313,0.0286
MDA-MB-231,random,4,0.0341,0.5185,0.0286
MDA-MB-231,tpm rank,4,0.1271,0.6367,0.0286
MDA-MB-231,mrna rank,4,0.1198,0.652,0.0286
MDA-MB-231,tpm (LR),4,0.0691,0.6445,0.0286
MDA-MB-231,tpm + annotation (LR),4,0.064,0.641,0.0286
