holdout,candidate,seed,auprc,auroc,pos_rate
HAP1,base: top-decile LR on mRNA,0,0.108,0.5903,0.0428
HAP1,+ dev_level + dev_breadth + dev_timing,0,0.1084,0.5905,0.0428
HAP1,base: top-decile LR on mRNA,1,0.1114,0.5903,0.0428
HAP1,+ dev_level + dev_breadth + dev_timing,1,0.1112,0.5906,0.0428
HAP1,base: top-decile LR on mRNA,2,0.1113,0.5902,0.0428
HAP1,+ dev_level + dev_breadth + dev_timing,2,0.1094,0.5902,0.0428
K562,base: top-decile LR on mRNA,0,0.1105,0.5727,0.073
K562,+ dev_level + dev_breadth + dev_timing,0,0.112,0.5728,0.073
K562,base: top-decile LR on mRNA,1,0.1133,0.5727,0.073
K562,+ dev_level + dev_breadth + dev_timing,1,0.1128,0.5729,0.073
K562,base: top-decile LR on mRNA,2,0.1135,0.5727,0.073
K562,+ dev_level + dev_breadth + dev_timing,2,0.112,0.5729,0.073
MDA-MB-231,base: top-decile LR on mRNA,0,0.1162,0.6518,0.0286
MDA-MB-231,+ dev_level + dev_breadth + dev_timing,0,0.1161,0.6515,0.0286
MDA-MB-231,base: top-decile LR on mRNA,1,0.1206,0.6521,0.0286
MDA-MB-231,+ dev_level + dev_breadth + dev_timing,1,0.1223,0.6521,0.0286
MDA-MB-231,base: top-decile LR on mRNA,2,0.1186,0.6516,0.0286
MDA-MB-231,+ dev_level + dev_breadth + dev_timing,2,0.1231,0.6519,0.0286
